address,amount
XoYsZksps9MZJfHcDejp1ecgioPTVWU5xYp8shaHU1mYrXF,35942.4
aopWhzAFo7AtXLyKWz4nt2eB4Tz9o3dcpNMZ2ZGi8UHfvpi,45405.504
WhWL27cHdn2iJiD1G536xdoJ9HyNNquzMsRPhY8wtqwVvuw,2171.529
ZnipUWagcGPa9nYUS4tcJtoGbNKdaDpX3eCCeYWB31zFpZi,47808
Y3gMCoLFtvyJWJYVFzZmo8nkjVLFU2cFikRBV6GjcDd32gN,13288.761
aHvRhpzvSGq7shRDotYf2rr5qs9apAtZcV9tTj5CM1ckP88,71549.001
bQ3TQbuaQfSVn2pPTj9gq74gZ7yLPedpYFL4bLhk2LJBvzV,22296.96
ZooWsx2RQqt3cfpKi4a3reeB7tzquFR1CERamQbwCGzn76h,691.2
XVff5JY78JAcPoKnZyXQswg52dPUyCzPBZMATtpKKkw6WTb,25391.331
YXpDGckRgDLzosRNYekXAV8UUC3ZtrpErTgZvFzqzwVU1Bt,72115.2
XiQ8Qgmqv3CAqzZuov8yGqTSjF9j8NzysrZPDCvMw4jU5he,242701.2
WCKRW8Sp8icoZMyRR4ZYbVe1hLrCDPysoTiQPnATXDyVuET,75700.8
bCeyKxVJrPj74Gy4yq3njRcuKNj9XWvJSta7S3p357J626C,5749.92
Xe73nAcET2VAq5s9JuNGfoQhCfJK6VdZ94ZKa7LCAgRCBvK,1123.2
ZiXFWnm3995MreHuL6iJTi1txQ5w2jCd1w7q47cs69w4Jfw,139680
WF7hRNbxtMVUyuuQCxhkehq9PVbEMz2GSXkykrjgypYQBio,155519.091
WoRrfBfrntxzu2X77LtB8iVg6BPNWoZP6yFTzY7LcMWXyEb,14809.248
ZWvkxQY6BojFAo7Y6xpzndvUKyPut45ZBmTWwbngNScGQvD,20309.76
ZndxPLR7RN3jJyg91mKzhJtD1p1GZ8kKeUfi19QKTrghoMd,317422.08
YUfpzHsvWD1AmsXL6heccxaHGfQ5myRcMmBgwkTMUTpsav9,1444088.25
ao645tSthGocPZjnTDbiRpDznJ8hqPEnpZxGxzQ2MFuwURZ,77667.84
XnZwkTAaMiZiSS156wWAnC6Z92Wg2TYZcN2K526dhQFJWUF,788.13
X1zp169ihNhd45YHFmuLB7haRDJsq94pMzt7zYwVfQJqSRq,1402243.2
VwZip4XtHed74kDxmXMn15pZGhHxVdoWhc61S7WcHEnsW6e,327827.952
WWR2Wv4EBk1ZuVUt2dHdHLTeLC6Y4akGVHBedZKTEefBDn6,7712.244
Z7BgvZe6bDh9bR7dY3kaVysKEpu2M7oVmqWYpTSogzaqhKH,59058
WnFzYPPbS596BbmiwhbXPo33rN8vGX9KobBQf6DKNbBt3YX,46943.901
WG26BQBXfLbzQfYFzRAZUrQnpsJnVBNChRHd9FEyG7CEGaY,47375.991
aQUgPgajuzeEgk1FEbpNCDhCd9seUftaXQ7hrXWdoXnCUkf,30500.235
YvCmFJrzPtGETxnHexaKnEUX3E1KcxYxW6YCbyFhnJbUapQ,640006.2
XykD3PgrHF8XuVUBsPavqxCEpKYmaK4vb4qFZx6Fd9yEGCx,37209.024
ZCuVuNeBTdMVCwGGWzmjLW59E5DpenN2AUsUsszSoPG1yLe,90192.303
WYh7hhB2uLMW27xuCA6xYPSGo2Dz7U57SRNBcxS4ZUqMvz4,6541.2
ZWRC4Ro2xzCbfuemPpmFqWnXdhnFYwi2nSKMtsTZh2ne25j,323727.291
WJZaCQjkvViSETzRUQ3UyckArkf996L6HDqMXaaTqrguxYz,21862.071
ZLm8v5N7kYrTkQMzcNYoMzZjTECe1D1A4Vad84uL6ab8Z4p,5212.8
a5nnNCBtZQMG81wSqitLHukD5abbbmth8E2WKXjgq2VcqFE,6652.8
ZVHbNwGwetDKngtJmDUHoaYv3DaxiEk6HaKCEvCDYBxsTZb,55987.2
W8bwUPJssNzhq7yqgj2qX2As9Bx5K9Laa9zJHsrAPhkCYon,45172.8
YBhj5hxkVgAjwxU8uqB6LAeEASyK8kQA9MFzkFsCxoFUhJq,3032.064
WJX2FzSvabtDfzAr4QCTx214SLRmcVfEAGfpSRArMjYm2p9,695510.991
XeW8M8zkgofEiwNuRCbYcZ9Fr9tVAwmb31a6FeUgxBy74L9,12240
ZaHBNUyWJS8wabZegaAWZznxQ65iAhyUQqPSTcKgv3cYUnZ,643.68
WVnhXYayzA4sFViPtqxMZHZM1uGMasq3LpHj19ETpnMvYzg,104587.2
b6mQrRHewowinrKpY17DMyp8sXPTGbo1T5W2HPNcyCNtYjj,8791.2
aSoC61WDPxGPtgZX3nhiPZtsVFpWWdb7KvzkXjYmgtMd3rB,28603.755
bZfZVo141K9b77uzsHeWjHe339aJVdYWvYt1oaGsugGNaGu,9930.006
YrBnKqzQ9dcJQAfbEyDmZeFChrTg2pRdovNJHVrkmHCdzAa,33350.571
ZSm2zycqnu63mbwQwckwioddF11vTjF5PaHeZAAhZ3KH2nD,179020.8
aB8rcPDe2EKF1ZqAEvMbKoVP8JkKHd2RZ6cHnFxBRzGRgtN,5549.22
ZXeM9Wm5XW2Hm7GTMuDHj9cH1hyBjkJCDCD9CBcchfRbfX7,1284.291
ZpYzLgWR9zBdHhMasSjKVW1rLi4MA7YmXpTRREBecfR6o46,7171.2
b86s5xPkRatVaaX3JUss1wMB6oJnB5xCZWzywDSRb8HCdhB,26812.8
YYFcCGDTMswtfgpidwYGMYGAMYaQqqSfbhjviCCo3A9SRdR,89068.788
biT2pJuhG5h3fTYj8La4n9N9AsmfmGfjs8dBxb39FJQL7UN,30816
ZuGF1jCU6VvkJiLiHURXQDDMAksgQbAcEhzpVMsjQYUQQNh,9825.651
WYVntBheLspGRKkR2Te8DM91Dut8FTwpwSKiLtiwU1QXuZu,286848
Z7GoUWEZs6fdUgBoQEXmavmW4xWYM8efBzE96A7tmMbFjQe,50952.888
Zi2u9zntR9bD56T61KmG1ASVYiLWFdJHN9t1enmSx58Bv2e,124622.991
acXR7esKG7dPNdJUgAtMM7c4TQQGUtyY6KGqxr7FvKyqy4t,7793.28
WzK1cHySHt9LWvtM5np5ipG8txnEHAk5J85dT6DZb8TvuEU,2275.2
Y3KZDdoyxNRKvEdLygjEGSDVCjbsEntChN7q7rscfHUg689,226080
bembEEXRCL2n6B9fMs8pk3r3wMWSkMtAnyp4orzVKdc6kuU,25790.4
X48UHJray6RfGvYisXA94ciRfuXx4sX5jKzyGDR157V9mv6,6487648.866
Y6Qj6THyuxn2Tfk85ZdJZNwg8NE2i988XyWPUwaLUrXV7N5,119678.4
ahVxApeMnYjJD9H9uW1zfj3i6rVozQ4dnZEC387EqbuGYQY,431994.861
XWfk4jiX9vVBxqQpfAnnFckx5oTTTpan6sGukUr4musMZEC,22809.6
YsdDoxbc1MaX99gfp8XFZbRNM6u4x1gdR1nUPQ83BGJLoAc,31060.8
a7TFhiTNwGpUEa5BkmKEoNdqL4tHVfFMYzcKmHjJ5ypueiq,9041.49
WaqfmikZ5VJPdXLU5jxeRHo1ts8FPzwreWPxNPwh1NgJNTQ,61632
XfZ9VsJ3U7PjkVUnWFNcPBv3AmC8M4Eo5FFQsfeMQUzn1DK,308112.111
ZbjrJS68Vuq22C7SjuMwuWCt6BnmxAMm31rkmoXLFjVxfVy,13230.72
bcnFyCfE4Wszg5pswWSL1FjxD7nxDQLq1tKProErH4gkZXe,140832
Z6zLvKtCmG9Pn8YXHDzqMFGw7vzo1G9Q1L2CGntkawiS4m9,4694.4
Z4Tm5wwu9XS67xSc8pQSUYDQSujbtemiCgqYwNBmeA6hv8d,264844.8
ZFdbFWzkxnAd7BGa4yLY5r2NkPyokHHCZPPzgMgLHbbBYhp,6299.991
acHwc6uZ2SbgweMUnbBnexroygFeaqYSxVGNoYWwJz5QBCz,7109.208
ZFNuYZRMcDXY2vNbcDCTm5BofW5u27ZSbes84vxz18QNwGi,138960
Zkc8XXif3xRHmKCW4Vc5AQuEHE1rNjXBv4hhSh6piKQkapZ,23328
XCfN1bvdFZYHGmBuxPXtezWnogptxcPHvRTuX3mKoJDVL8F,1014559.2
WrGuvLs2cFKqD3au3NEVMhcT7xDMiZKam6otk9RkKd9AoPd,44352
aEmTwjbtk4UmmahsGEcmXRmA6st7h1SX1zMCuzYpniPB3Zr,225100.8
Wh1atPbNp6FGhHtnkBdu69HUN8kfEuGVA2fmKijfwmuGmeN,4442.4
aTD2RCbJ51RTHqJvBZZqYJXyb7WqUoumX3mNMLFRhC5T7yb,28224
WYU4LjzCkBSnSPDn5Btp2FTFbdCdkx5mXjiz6PfPpCxAJWT,38189.34
bhfPiuRaXVAdt1D3P6jQb8A7SAhh88AhRt8zDr1ZMnKVoep,89681.76
XmDyJ9RAwhHNFQt6CbSQq5bprkYEoavSX77r2bBF4n7EGcE,13658.112
an2ZGFZsWyY2WUGdbrKrWa9VeAQcbvxBMEP7oUxJFd69GXM,23567.04
X7gJXaZsUWxCiv8DzGBFx2XQMfNBnKtLk7w3ErJxL7zyBkE,18928.08
aV44NxW9dQWaS34udxjjbPbJ5NfCA8zkT94nnnYSBhhCbY2,59315.4
XPYzfHH94Hiw7ySDDmppzj2vm1BaHKRocZiHPuvB5xe1ryH,108128.16
aA1ydBxvEeq5tb5wrcQMkegJEBVBdGo4MQ9XH4dVZog2QxZ,22752
a6Pq2DQ9nYUE59GgnDcsYNxzRaUkJkEKABpqmQS3XMRjR7S,24493.32
Wad4VmBRtKkhf8bKGLyr5Qk2gpXEzEtepRg3zZnNT7SYXVN,22296.96
a67Ksofca6kBG9cTjo8e1To8Cqgn2vWFuEWSLJ7fzVTKVR6,13824
ab1qQEWsLNsUqNVzNrGmVNtbipsY8oaWZ5RzcRHmEh2MXL7,217440
YwVkqZkiCUob7wrJQUBSj99cmbzSXf7gsPDkQgdrGEnSh3D,88441.65
YBkUnPQ6Fm4ux9ET9Vrqh3Efi3UQJA6MLHcjonsSkLkts6d,277919.991
ZE75cqF5UgTWXVzaqtGc3tvsThvwckgW264ckp2EPKGPDcP,73854.9
bHV7Rd9htiUbxG2jH9skezP5ncQK4wn3QxmKMbCfd5zcrh9,862595.739
agZ47nExSyqWqGPeRynJG4V3SDP1YFmJ9xmXCzZNrab8XYJ,31726.08
b89XD5oShJ4QkCngN3YFH7buSk2ejM6JgtEGzwvH7cCrsaT,4579.2
YaXmbVZUDuGKsH4R1Rykq2NTHukknfn8TZ5QogjHgkXTpfm,155109.6
WHh8yGird1P1QgiCw6kmMbRpb5dTeyZy3LTwz2qVztKFLW4,61111.143
XFLqANd8fAEW2xgbuFj9VphN4bWMH7nwHcj43DnxZGG7RXR,27435.6
XbDcuiYQgiD38JeK4Gv7WdJMCuTrefhG57MhsBRbzdptfL6,140310
Zi8qTdccvuNwdw6m6znXn58Buk3M9w86kAribPEi9VBoY2z,8854.56
WYeL19dzPRxZFdNV4ibChVvRKJfWV6NUtKTVBumbzTrv7Ce,85215.33
XXpZenJG4AB5txJjP4zv8hbyv86beScEXerge8FwSfDCkkH,52281
WAEF19CHESYYi8fpwuRsQKzjnWT3My8LJUp1oERSWdR3Uwk,19845.999
WL7qb5hQQEph6NJD85CP2rgxVJgvM6F26VLpgEPjmHAgVpq,13394.16
Xc3zQ1G5xbHNJqCMzqDigkUUU6SbpAi5DGdCEp4vwG1n4fs,137886.345
a6R1m34SJj34jPcQnwdZmvGRhosXXrzTb5viLtqs8MLNMyy,8530.551
WiygwCjnaMVfcCajSBkvJ1HP3qH9Je7qxXNAPgP7L4xmUrx,37468.8
WiGo3rUuZ9FMinfHzM9ubKLajX5pNnuX69k1Vzrx3psQVF2,71447.04
YZjcZSEz7fZydh4pJ7rfnvTQTti2gvuNBV2joGxU74AMJKY,5385.6
YAFz1p9SpaDsCpYV24TGJBvsppZ6AKWLCsJP8Xb8h8sck5v,10368
aHcjF4u5d2Es5VHtNxwkncgS9MeWeWbgfpZvNeF1V26G7xT,206028
bRhCRzoE6R4gQGhDL1hP315J22Lxn8kNzjYgGjuJmLBM5gi,45792
Yz17mqvSgx17WD2GEsMk9snfViQMKxXhmz2pPbiDDx2zE2q,37028.016
Xg5MAb9PwqcBydJ9QPj1k7wdeX8kJiL7q3rApXYMsdMtyj4,104328
aEseeuwTmPfe4Yzp3dGRi9G3L53vXQgTuLgvf5miAiw2g4m,8208
XGMLf1LZTBknr2NknWef2k3HuEfsMWY5f7bpNfPKRUsoU8j,1594.791
ZcNna6BWWVoptaT6EVg12UKekPgx4uCTC3izP7LvGrDh5fd,56073.24
aBapX23mEm5EC3WPVu4A8xXosVeBdAahuuPY9SyZ7da76zN,18580.32
X3S2UCoegBSbZAay6butiVUWHo5T4WrCwMthsXWwx1Hiinr,70329.6
b83mUsH44uh5GooGdVbTE6qcPNyBHS8gy2xmiabgg7GVxP3,13579.2
YeLCuG8pTeGoUWBoTJsCt9nEX5Vj1nGYQ4nzsRZVRYt4B49,347904
aTM82XZDRzRFDYcRGW5d2SuZ3kt3H2bDEoGwzmXzxTGLHb8,58458.6
ZStGwEwtCBQGcKSybEFC2swG4M8zJqp27jRKHuotFjUqwkt,41846.4
YWwmWcXfzU7pNwi6KY1T9t9gQ69m7JTFccJxUtLoKq5QCqh,26064
XUjxvArp9N8CGy3xFhTPsUEt2vGWDRRgvreFjEyiG2Sq6ce,1061.991
ZHs58x3w7ZYo9vsoF2xw4M2np8Gmh2tuRKRAaHEoWHqYerN,1219.68
WaKuBJgXDeXtFHN2AY9WkiwQdND4DcWZVsCX1VuXWaEBCNa,15170.4
bZjxSkiUkqMx35u3T1gErmU5RtRRwcUzJErvwbhS9fuBAy1,13810.752
ZVWCv8qbP3XoYD6wDaMbFZk5g4yRUa2yKB9c2HrF3vdeH1H,47232
awTHavWvjK2wK6mLPbmCJLsa49g4ybQAEokNY6vD1reRxGj,12045.168
ZFbxwaVvwiBK5b4NiAoCSkzbr6DKXw1fDfZfzoYqn71pNxn,755.991
X1sKKYb2aVD5FWHEi5QBS5TCo3WwjZZW5Fw5HVuJiW4AFVb,71546.4
bFTajbEJoe8AXmJ9UeTFkWQaTEjfJxqVADDpEhUgm6mvWib,24048
b7czapxRKVZTeYm8voK4z9Ay1dim7gx4NxGLzGQrCpsZGBo,51163.2
bG8vib2LkXcr1CrZFRwM6GNJNJGTeqKGe6uCXFuuvaJbUmk,249285.6
Zjh6RoKLhd74J3riczsMsBojfeZZXRtpEJzohCsyhH41hww,42304.32
W24UAJMr8XwjudPDGAxT46CE3GJgiMqdjZsYoVAcME4EUT3,3123.9
Z1CfCLs3atUNn7iG5n869SqHBrAj4KKY45zSVmWedxjjp34,48872.88
b9ohSpm7VCRhyUvKGSxLdcGt6PVXqitvwAcBw9yNPf9bRkC,15249600
WoJszxQDo9meiNPUcXo5MuJMMTHhFT9w637MNVReT8XaD25,279450
Vxv9Prbqyf6WzQoETBCsnmEs7zdEo3S72qsW1X7Qvavsffb,71280
bNJRZdFp2baDuj9tGrLKbNpzzUGLPuj1WZcmFH6bs85qi6n,28512
ZUievhqPG5GaZVd9344rrhLbc8TKGVJfwn7xbm4v8UwBazx,54719.811
ak7grZpyccFzHF5315kVBcJdYJfcxGQHvAAe3FfRZ36N1f9,35640
ZwL47CHdzndJF1DU8fSqoTnCDHgY2QaqyASUf7kfT6jsRgC,902592
YwbCAub6TdATEJLZB1a288EjJ3f5BfG5Cn48wD83atuJi6r,29797.2
WTHUyvPdcQv2xAH8Fzc4gYJmu2n3LrL7peQtyLnap15p3uX,134784
b781MeKViTbNpmnrfenctqLAmyhtNexMDkYMikf9Bo86yYA,11961.378
WCrNHJmK4Z8LDcK9qQzBgsJPTa9hg5ZFMnUic3BRtRnVHpz,27936
WtZcSgrwgQxKiaj434PNvFXX6WUKDtsAnEkwH3JmdJfEF76,27057.6
YGx6ZKZmrK9CUAmad8StyFbzsTdLddLn362FcdmwUHvGvr7,281563.2
WwLLky8TEXUeu4m78tS39RQ9yydXHK4wxzN3P4b1mXkRcvE,45309.6
amP6ikBKsftUyPBhjxUrkT7BEGe9C7Q4LsAwKFR7K1pXBMN,33465.6
XvPKshX9Lf9HXmWfnhJvdbYUXkgg8UTsuozu9L9MUUxKSk2,49849.38
XwU8pz5CmgoT3XqtvsxAz8wAgsz67nc4Ad33FbZtuPBmznS,68544
ZNmJW2Cx51WUUesrnpxwXjmP12VoXadCk4dbf4Fkgx36SBw,65433.6
W3KzHEoEbFhajkukG1M8Uu7pZ951VuvUj71dYykQkW1wxpQ,50039.901
aDL2bQPJndiKu3pEdETYWwBFWtwfpJwF2Jr3WwQEehk4Mhd,9028.116
b7fyr8GKMYRbZSTd54ceHn7AU7ctXEFz7GCe72duF6CsvRv,36689.76
YQETu26rECoUhwacwZfWf6naqrgppVgzcoapBJnm4QAVtj5,593652.24
XgWHpxQjSoEyrhnXchSoHa9WaVVWkMMpAypn73Tp9DFm48p,48672
WWFPfn3uZRxKh1nNxRgeLQKMwN9HnWw31JciT93zEKudqdc,70248.555
X2Q3irBPoeHe7RMEeq2iJZCzF9grVskdwMRf3K8AKhep9eV,62107.2
WxkzJ5TJE26rnzgfSQNzspfxoi3BuuSHLb7VYRk3FomScLZ,347268.951
W3LxCc9ouwPht4Ap2b57ThEwUcqSGrdcjtB8eGYgaqtGMrZ,25562.16
Zm4uWzH1Epwj9QRsTKBsNMUxaMqAjPykTEDgZrdZuBEHc8t,74606.4
YBUymwqBcLpAQwettkkSCf3Ji9WmDMgTvrcu1UHAZABzxkJ,8380.8
XebB9GwX9zKev26943zD3UrCHsjoCYPDU4vz1xUwdxHMzUz,17510.4
WDH3Yq8pp2hUk448Lz1GvLsvL7p5FjWENFsacaHLFZDmWH2,2273.04
YzAdgMovJZNaLsSP3y8CbsFgda4f1F6c6AkWHzVKFetF46Z,475092
YjbRpky6dWA6vefTBb8ddtdR5PgJSEUMLWdSfYERBd11szG,33292.8
b8vG62whWdbsE8mCfEa82JQ8DED2v918csrCXWxvdX9AvCs,28110.24
Zg4WMWSkL5bzJhFH5cth69BKGbRVz6C65tAXW1Wwqmq2oZ6,97646.4
XwmMoZHVQUX5XXKWC9UQvGQMk3Ji6qVkZevdPLG929MV7si,10386.864
YdeADDTcYuAF9UerzjYay5z6e7kLABskyWNY51KrydRpUof,177408
bcTmvhYfCX3Ez5aosmJru8N2cBBhyXykkJTU94ELtxtwijv,164467.701
Zxsm1DR3zVkMBmkmQwNVCAW93is6eUhXLMWAYmJurgRQypY,106766.001
bQSE2jR74Zq6wajk5nuesy9f83Ac2HNNDaPBJgdo9kyMzA5,86797.008
WNZZ5F1BvJzmiNHheq66RsvwmSA2iA4W8Ubxm4m9SnobfGp,291042.351
ZCRQz41pYDNq8JmLA3eNJDPNerxjiPRiJpeRQUPiGDACuXV,19555.2
Yw47MdpQqG12W3oCgprZ7FVKBbPq5xTzHsyL4GDys7K2LG7,10328.4
YNwz94gv2F85JuFhXgC8gKWsijEu5i5tcr68TEqY9CvWBbG,92160
YCqBvdbXzsLrimcKyRbSvAfo7bNqgsmwFB75dbPAXraYXZU,85089.6
W6gSSWsph6ge3dQkoBcQMkfN5VXmQrrtp8TBgYsSDqPNnEN,85732.281
bH5bvLkXDNHrCDT42WhVdZo58uSRPwEQdSxFyKcNvPADPfg,2775.834
ZWjduzfj4hXHr5bR4LcUyES1cxR1qa9zWfS6jHo2KVUTiye,42538.5
a6utQdLYKBsQnVMQ96dh3EQbKdiCBAsTi8DJB2XQukYsqjH,44591.472
ZYw4eiKReyeBn9U5joKDgjgWBoAs8gyZSvtKeoaseTaJMk3,63514.593
XzQFcUuouTXZKKKVBT5EgcfwbDjf2WomDJ5MmKs4tcn3QUb,78336
aW38qT4xtUSRxYtvi3JxTs66qsJwXU5u8Cfefs3WgekgTT9,45504
W6m6PV9hovKZ3gRTXJXpTAwn9uQN2xfdNZmcRpWokznFWuz,97500.6
ac4WR5PnBZXtDhckB7yXcL7TxSBtRvCpZ9yCtmxAkfDP59m,27033.444
XesYPFcvrRPxmimRTK5YyURQXemS8x4GHorxrwdSC1Fwjuw,27936
ZSo1uETiwpSg2XXbx2wmHiZeys7ariVHjwPdFzZ6XEUCr7J,467712
YwE5mkkX4TE14zmcZHy39L3kND3r1m2jd12epa8rbE8LUrh,14877.216
WU8UWzE5qeQqWSoVE4Lt1JW97zKwXRFbC316xSuVGAP5qAi,2146.176
ZukAnGFdcEqBeUF3AbSxuzdWzdJTkXLGJQw258uvBvvr5To,68688
XwVqpwPWi6kvVjn5hZzqtrBu28JjTrSA9jzKqCxhspFaz3D,22752
YgQKMyMEZzPidqV8SD4WmXaNFqNUT1DZz7aeqo46HS5ohEn,40672.8
Y5DerQYG9zNYpigGWX2hEVKf2Xw52tEHSnPvFo6r4HkZpjS,2305188
bLbknmWogJxZGTW9H4TFEKWZQ48NWwFHMv2p6JjJmR3zKXE,5627.952
YW54o9LQybXPAonwJ7ofLC2DtMFjkAXgaKLJwZmWoXJhzCm,7325.991
aQ8uByCKMmTpubU9Cp6jC2mDXSeGwLTYB84HBzdveEKNjSe,8892
any2b4G8Hv1tfhxVZaemBcyb5vmQYcXo4MsGQu7PmSCrF6B,4608
Z8gVNR46H1mZykzENB7X2mN2FtuHfBRXmgwRfCASoBaXQx6,396759.438
Y8AB3xa7ZXg6sYtQCdoVJPtvqUPrX7RHQzA61LzxkBbwTk1,28774.071
Y6jbN38BQXxtToT7EjU9XzhmAB4C8EoqX8w5PZPgCEjqRfD,22789566
Zo2CfhBH3q7uE9hHKcuKQpwngfvQi3GsczZjfvq6d9TXLY1,22491.423
Xh5nVTQ2s5RL5RbcQt6eC44zHbyA4mMGHerPn4iUjW5zP24,85049.901
ZRyMAksBgZ3VVirY6AjTkqF2wZq2mu6fUJPkMvmh6tbA4Gv,1452095.235
YVteBcSnoVZkLHscQczFYEiqfnpWjJq9ToASorb6eK7s6Kv,47030.4
bCgnWC7aKX86cZCSZ8J27deKLP58hwwtVUABNc7GzojJuYj,53147.205
Yd5ocmKGYk2GaMy35pRMH2qXVfVxefQwHavGVy2wH4kGYd1,5155.2
bNunyqDtMGPJHNrqQXsx7UiVdkJ6jMLXTibUz1cmV3Q5brR,69120
ZLesEe9Y6dUdGMZmuga2EpdJ2x1huDr9k9oho1k8vKn6bB1,39886.956
XSHTCuX2rq2cbxLJLyqh6q2PPbWgUgjW7Uk8XwMpAB8df2t,46755
ZYvHDnLexuM8enTobNnHBsZ2PXKAEypuL2SgqBxsvfFAze6,11819.52
X2DFC3rPAkGnVn5ncDKHAkZKtSxjpHe5pAFpdaRsmuZrvXY,56291.04
YwK2YZGiV7L6XH1YZheo9b3R5n4UGoVA6vuKBmFkLhu8voP,19680.48
ZXUuvdggpjfuq6BxeTRnkPmauafn6RMgWyHqjmzwiwzrXM8,38923.2
Z9mp8WXqm73ZtoQ3fsgs6Ge3S85PUAFajN5eR7ywasz6uiJ,30901.671
X66SWMRjbCearQzdJ3jqWeo12c3N6CKEezCJZ9ecY2jbENG,12592.8
ZpseoVikPLVMhEbjLaACzpSTqwnoYT73Vt5R614LX6hDHk4,7307.901
as5fgrH1oBx8SaXKjGNYYKsqtjUw6W8T9ijaQgbKudf3jej,27360
b6txr1TMMJeTKPWfSeST9fgvo6S8o1tJF2PC8WiBdXsDoze,23016.24
bPWfLz2GLK6ZiekuBmCGxcGTWkza9uGv7avN6kPsit8YzrV,139679.991
XELZ3NWvBv2Y8odXYwXHhUpCe1JBqseJZFwRvcPEnS33TQQ,24480
bK7HmNuAvKnyRjGfLt2V4PhmU562919gyj3D5qwWsAusGRN,49599
bQE9jKJfmerm1mi9HMH9Lzrzp3v69cE8XnPTzLVZUG8TK8k,1931.391
WSg41PPaPE6VBVyen3i7wBy1Mcm5rAaN66bVorFcQpbnHdV,25618.797
Z38cxQcULdtFwjjnZskRxakj3veRuHYZp1bBWbwA5hyj3ZV,32317.2
YYpd2muN9qrxBEiubKgtQPam45k3U1wED3dEXU2vVHL9Ve3,94129.101
YkENmRYCnAF2qutwHv1jZGoiukr47fb2kQGDPSsnmW2TqZB,6531.84
Y4P1sZKMv4Rf14SeJa1u3ajdusU5YDkfZ9qunUBLC9CYAZe,83808
ZZNfccw13TCUSQAyP7Btug66tEhCVM31xWic9YMLqM3M5vb,25230.6
biKDFvWpfur7u4YCraj7PcQBxmoBHqakc8rnNexh8Z3DNvM,8747.343
ZHWjLnvfiu9842nCK59CTPVjSMD9aLUxevbcLSv4yeLEWjs,268703.991
bBDdeNfwd2ryvrKh1Q9LYSNJbHZ3JyZoKKDe4SngExHp5EL,2174.4
WU1MZ1Q7KjeUfZuswAJjMKQAd8qXh6zP49gr4FYXMVwQAxM,9792
aAFuWUWf9ULBCjaMG1dZUbirPFZe6SYeoChvxi9z8YKZ7XV,23040
Xjtg7LL6tdsGtKcnoG8ZHbc9nMaueD94PcBsSmScrdTE1Zu,17382.24
YzcAHdWwyxS1AStdiSxfgaaJ8gSGfMzvw2hQJyUA72wBqhq,45216
Vyd2BCjCZNktXpiznk2sT7XcSsUQYJ4SYv5e4JnLen2bR4n,2151.36
ZpwRmc2nvS1fjkWei5xVc9YPt9GUDkXzFyEuGxvGVZp9Gd4,13420.8
ZrJ3ZqoD4ogdRaEp5e8xM1wJtCJCt7vd4YkYV7iQwMkzg6w,42912
YZzLi67LKGGGkfCNyT6KG3zxg1Pz6LvR98ezoTrVvXnkgo4,2865.6
YXEhFGmFxp1Ji64ZpFQM2GT84hMKMEKz9CeeobQ5e9jMw2A,716677.92
WKGupofj54jf78gT7VAPvVvJWH4uUR79TPPmTDA5DeC6DLD,33264
Z8kPmkYZqCMu7LL79JbZM1BDhoTs9ePonBC6N1e5YabVnc1,21356.244
b4XuESpkR5ATf5T9U3XKiwTkP7FN2NedA7XTqrpWekMWh9N,58986
XGUxRU6Rcu6EBxEyEVhV4gsbW6dVPW7yVhhQMptSiPtnZhj,4811.751
WBZWKfKNGnVrJ4LXpFT2H8MPuRt3hQtjKtS9vKTP5XfTG9K,16831.611
ayQRmvxYPX47bkfXfShLZJP44DvbHkiAtaqX5P5A2wt2Ryf,3417.984
ZTQoRhSgQr3NgfdzuxQEMRgQogZNMjydFV9p5hF3QPfJ6Md,772518.429
bd1LH1pzt6p696NaxraC9Re7J6hU1ZTSQ4LCPv9QVNHLPFf,36410.4
XZSNd47pZRTN8ViAEk1p7XT7UxAPRKWs3YE1bgoa2SyVuyT,61630.641
aBLKE58fAP5PYXpzLVA7DTHMFoYoDSV6VuSAjCZKywYctHe,264960
bGG4TYV5PqdsyQjvWKjGMctBnx3b8qg1S4QN6bCw3iDyiRB,30650.4
bP1LnpHoxdU4z8FUQDG53AKA8dwVSpm4dKs3E7e7igXR8pN,124344
XtfizqFDPAePsgARguZ1ZhQWQLntZrPG3dmJMnJFGFxzaQh,1396800
bfZ3hhbTcsgSUYEnTa3EpFfHRwvHxLSdFb2SZtRjv5ukxPA,14904
bePNNfvB8ABw4TaMVVTfhKuWy4mjqRSH16NMBhqb8GJWg3p,302679.36
ZKp227b6B1kyfY9L8JDXvwJ584nBV9fvywybtg314qBeHdq,77472
aGS1nLfRqSrpc9g1M45yLtzsqByWXbviHoFWqq2oWFojuqL,1748232.09
aQEnSvy1h1RckYUsYGqwowAJp2Mj6VuCLt2uVUiFxLXs44k,336960
XfXDYRCSUZh1phzaLRKp2bwzyJGEfdigrycZecnNdLpbcmY,4250.88
YiJdvrY7JuoqCWuQregD8Me28tziNbTU8D1p2dWFtxrajqC,1686960
XKuFNrdYsMXaeDAdLgUch4PiJNiHc8hyggQBZcr1P2NnntK,4896
XZjw2k3bQTVvHMmgoGUGZaWncM5i1wqMFF7rWXskrtajDgk,9715.68
aLwa5Mi6tpbYxBxBCEEtrcEvNWFUNfYGY5weobLD79Md2kx,6143.04
YrAJLiZPraggWPP6WXPs23H7pymJ8u2YpBptS8EPsthLXoM,22690.8
ZvJGuSiqCquDh6TunEFMiDjab5PehB7frtR5nBFWjLUzLVD,363528
aoEjZQ5Mk114D2EcJfzpLWGrzJ4VbhknJFL9eTHYYR4KFdc,6797.25
ZxB77ZVCXH7HUVQr5Fa3zZgCZSpMw3xkU6sqrRjmxPoBWyS,946798.047
bWjeBAPU4D5vGoM4MYJMA7LXMz6DCBj7z51z6LLJZmKMN6P,2390.4
aMeWAQQxmCdUhCvN51bFUToLbrszn9odDrkthbTdz5DgkK3,4816.125
aRNLD8XERekwT2LYMw4MXAbB2rcpPUofhwyQnGYZ4XUgwi3,175940.991
amc43HYmgkwpHzTscYycvz36EA9mXBuHZktDsiCJtHrHfHS,28656
YsmscEg3vz4NFYSPgJxV4Mte3G1FpakdKqUnpfVhHjP7hom,123915.591
YvBt9xnSRQopornn3aTCiRd8FZYf2mExW1vwUtng7EXCXMK,22103.991
a6V8XBWVQGcQvcomHj1FZrSztCjEny4zoWV7Hb9S52fidfJ,27792
aDqXYXoBBsEYgrf4pRM8Go5itQo3eN6V4yrk2g2159WX645,106918.2
Z6RmpEv8BQNAgA6BVyeEe5GeiT6pRc8BZBMG4zSMznVBfxE,32616
YaWrRh8NZxXFb2iDvVv6167XqVAqBYxav7AtpGGtHG7cWdK,29807.991
ZXhaZvZw26HwGXJzbw71CZn9TWEjPRG1H8URukLeZfLi5jE,442112.4
Waru2XhEXUmHzw893dD3DqsV51UTs6rgbvxF5hXF8DSXfeq,26928
ZpksPF5wo8dkb5dAUrViBHhE8gAteQep63GdySas72h7TN2,96163.2
YKBxVmQkeDFyH6WjbwiyfqkJsuy4J99mSaEVSrK4hiVkxEQ,88789.563
YeeD49kpEdFrgPQpESU11QXziS9Y3nGVvG3ppr7GFAR7bSx,27041.976
ZDiZG7GQSfMqrHTEthPP1NL9jGWzPyAkjtRzyZPULzfNhej,29393.28
W3VBj1cciyNQkfkXRN4b8CeJ94TTrhYxrgZJbYi13LZkfLa,22043.52
YexyEFqmg9fDDMWPMDM2xcFpT7YYUXSQRfC4aV9Bxo5ccwh,52610.76
WhFuZyCwE76Hm9AfLZtTuQHmC6We3gJSaHAKYvdqHx2gvS3,6724.8
a99hkTVy9CcBMfQSDACAH8NYFZhGcn3tzk3SBaXDBPu4YP8,13733.28
avsuA9iNJuoLxoe6sTGc5C5sG3xktczWB248QaJR7uh1BA5,84340.701
W3yXEVGhPv6YXmeWQdgtwe4Yq4NJxnwKgxRZS7b8KPaQ1An,73512
ZWMNpxEU3FgznPzkQdGcXdmdgzJjwhCFMFba2WxCJZUEdsG,14695.2
aiutYgDymKuNBiD8ksu25Vhi8XFjjuBvCw2LSwJHkEWPkRs,121055.391
WQJLx4MxwSp2PAZqPfyaJFvbzbxsML4PzM943ogt72a3qmu,88709.841
Y1SMhjaDbNCjS6M5oBM2381GSa9cf5aGhQrk4vDKGu3Ep9F,59904
bKfojLuh7GDzpG6p3bno8EJUmxTwSPv2MKoFTc5QkVX2QqF,189907.2
ZGejUEeDP4aJwXMtMPKMaCpSATQ4pdQu6aXpHm6scyJVEPd,10983.951
WjeHVBtJWiKU1fDfuuG6fQoFcfnZscUsnfnjR8J4ZeJ3u6a,38829.591
YXHTUZjVnVEDov56JHzuDUicuN8soZJ1ezUc8Fc31dVPEvS,24583.176
XDdPLubVfadSRVpyVHRWgF85hpA4Aw2HP1YkHQFH4tojrnx,126989.271
Y5NeMKTU6wocE6oSoS5w2dXJkNieDWCSRTNTbEmKMFJgzTV,16562.88
Wzp3fjWbdxTFV6sZ4niYRLm7w35dEWvH8LGmiSbBUPfQz2e,89568
bBMzjnpqosbZ6cnVS2urTvqbctaDkAAL4VgmkVmujx33bvQ,56749.5
WA67Q3dvzHgX536qw2KhdWQ43PYDna8pnjnpY1gfgMyX5PD,67824
W5ohUCtfec8jhG6Cpt6Gpi44xXvXg45v1ixWGkEr456aSz5,211361.04
aSMvCJoabBqu44HxF84teNTvH3H8MkzEHPcPxNcVFPJR22Z,77775.111
aHCkwkD1D2gomTNJpjKUgkUYfTJQ2bgYcrzohcJAQWGmuZx,48469.68
bG1haNkyyQZ7XFDiYxrbsAKepxsmS6VhQ38yuB1P5znudqa,624383.991
bHaGrfJiSZzsUDfpMnFmfe76a4GuyCi3c9N8snmNFDvhC12,380708.451
a7Pey7Bx1NkJ84x9VqympAfRtczPD76gYZLuDGWYWmZVhsx,28511.991
ZJEYKkTZCNC6yZHXLrbjYfK5BwBPivoyTEVntLGKg7cG8Sc,9504.18
b2uXyVUjaNeK9RGAUsVkhRyCBf3KnWtDdnQwmdQZH1nR9Tb,33645.6
asUEEEZqwm7nQ8psdQZsjqnvJyf72d3Nd4tZjVeTwtti1xX,147456
VymuofSe3NrqqkmX8WW1oxnGDoex6EHDHgNmnAm1SSCahAE,131971.68
Zybd4L7z53URcme5C5efo7ZF9S5oagMrwVLTqg1ohyCVjyK,322963.2
XNrncqYAmjtHwSH1wbRyNYahXi9pBf9RXykvQg1dseSqen2,24429.6
ZPCLSUFhpBdYwN92bB2qw5cwFf9qSt7FTfBbpL2nsLLrZJS,1333.872
aXe8gnNjyhRdb6aqK6aZ9jn5diNWJrhFQpFBTvKtaxpXxwF,66157.92
XLM9RDZyTujH7JdjgaM4qCxsM24TA1AVfcCReYW3iLJWYTm,92160
ZG6eEqZznXvsyV8Yrds9pi4fzGbPa4dPojQ9VGjn7o8syyY,42336
Zbkr5GtpXcJx2E2V4PegHMExTck7fykZtdtBAMrziugwduN,24623.991
b7SF5hW8zEX6TR1BdDReZt59F6qBGrAxbpGcrPV8C71As8X,52025.4
W2w43wZYrSQHgwoPf2guBHdQdPNkWuqUJQMMnD87tuQc5vM,21798
XDpPp6HwMYyVM6q2ncBX4eUKUzxNNn3qrdMubHYyRcTHDNQ,45521.856
Z7RSakVYYM3jP36xuke9verTTbzsh2tHuAvmBmhk29kK9AE,22579.2
W8di5qodYmYcQ7hBSNwSKpUL3Jewgtv9VTK8izTua1U7ps5,30515.76
X7NJ2Mv34tdgeWLabQUDEaEtUjF4av61Sz53y7L3sfCtPRN,105714
WTQioeCCUeHGT5qg3qArFZhiCnK4paASt4QnXchEe1sx3qA,46080
ZgQssBPZDkDBz8YbyeQyTJT1c84xud5RqwVMGeKg92vCefx,70495.101
YGuJmyWcAtqQvKeetnoVacPVd6axermPJyC2SZSJtRuiyjE,8407.26
XuH3gyxMYPLbMU63CG3cCbhkwqVyP1YATL3fT3oZw6WEyMo,28834.776
W1853H9NQdf2enW9hHTsuaDChQTkhKSNLye16ZX8G619nif,547200
WGZQhmeQgiyZ6y6C1taJxYmyn5WAjtBhENrxywsM7DXehiL,18437.292
YpvhUm4k3jAd8iEPdjZxBW8S1E7Qu3FGC1boEEh9PbTRSoS,21887.991
adFyKYWefetdJ8afaL88ZMbmzeauGqRZYCRsWssngzTEKnq,24883.101
XNNxL6oGHNLDLQ6iA6131K62XnjnfCcYQCvWRbdtaGgQnsQ,24624
VxfgHUsV6BJnFqMC3wbt364w9hKAD5TyGPcRLfSKdn9pEVi,24624
XeZphHFsPXvpDQ7yePhfnDcHBYV1qbmgScKkKn5vRkrvunf,160963.2
a3Ph7UEEq9E1ZM3pqtR58JumxWWyQHG9rV13ZmjxGRdGHbH,334800
XTEZjFdi2HMG3NYYhvKTGdeohTvzL6tjmB19qirFWUhHCFH,4334.4
Yw3Vg3y2BLXdnTP7D67qjZFB7uJDEJuAgW7jJffbh3sM5sY,67824
W7gYa9n2sL8y7GVGxnQ7ozvgtvh2Ei5SffY8Sb4PZ9dUPk3,2275200
ajPgnt5LwRZqFAuccASDncCY4zmdeh9S1EWH9FeByfJMq8h,112999.68
aXb6PZ211Df5xxurDDTmZmTGr51rtev4jAskfCcMPJ6Dc4H,36864
W1RqePcq2GiAX3woSvMYvhLSK5vgVunqskVehp7y7cyJT8j,21743.991
W5Wsj4rABauyRd9oEgaZm4EppSkmPaAbwYpqK5SXgRWGesj,2361.6
aXZtWTo4BDhyVQbjeJdkw9Ah34qH6PicdAieihFvKAXZq5u,2188.8
Zdxvu1ySUUVpP2GCbT5KTBYEAfrJX4ohMCEgQMQfhWavB2S,25012.8
ar6sGWfzBPhapo4RfmPvbAkiUtcKehKMD9auWa83rRKkMDT,607680
Y9v9ikDzKxSazk23FJnZToVJe1uYd89bWm7wnjuQcnrihvS,8241750
XtnuGnPex64Y2QDt8cqtYCZz7qswBUv1FaWcpKE3i4CqC4X,4213.44
WYknkuWPR4b87AQuHNHqpfX6pTQgVqX3Mz86UQnVsYejaUd,24336
b2rttpaPN5KMHhE59U5aP3MJVjsxMvftLBz4HMEmhGkJcxe,35697.6
XnuPJ2SnvjQhprnue5YLu7n9QSVAmsZVLsLuVmrZiyfAncd,115766.82
YtPx6w44vah9ALGye1R6rdiZQBVD3f7YkMYr1AERSczsBXT,25070.598
XbeiHmokyBTSpS7xzd8E9drAk8qXKToF4egQ9g3vrHSzUMj,658944
Xh5bbchMS3YWM2XcqEzUDTWBph6TxdTkbPdwgS2WP8F9sMy,264528
YoSpdkyHAffJ5x32VQZKgYuZ3QjQ3e2FD7puwGSSVypSiqg,1719.081
XDNEsgUahwiocnvafi2fQ6JDMqn1AKxzCXezws6vaRKw2m1,44775
Xx6H94sPNoiNs1zhFig6be5jaMAsQRujBYKKs71zydzGb4R,88703.991
Z8CBq54h8EW5PPqCXeDVokLTSP2fR8JTr5S7V5v4idkyKM5,30240
aYmFDpUBNvdaKVQRhgsu5M5ja7WWPygfAtaDbyUfpueZNSQ,6181.92
agAwd2221pDiXk98bzqcZabAxaWXP3aHa7rdYtvd1CoBMjv,15552
ZnUERgrvxRE6sLWn4CAKv9Bb1swsfZgs2QxjoS3Tfa1dJZY,26064
aWw2H1ZUDJJ91TkVA8rChCUJv4jRrekw7WhvtF8cKsRhPej,5760
ZZbCa2dp7GdMJS6msr8XYtMLWw7p9FUSSjZ2PZF3xYxJHZk,216240.525
apbHdPA6xWSiyhgF4rLkBoecxreM1A1dmKTBtrGzbfo4xzo,22291.2
Zba4HWYWBKjAbe1gAQ88e11tNAdcsSYgCpkufTd8kPnq2wR,7106.49
WBAY2bA514gFCGpHA53RZiKtufiH39yEcT72oATMkFS66yF,18578.736
XJXSeZK9GSM8xhaFe2jnPKhe8toTpJmk8vELztJJectP7ab,131328
ZffqxiZAaJXTVPijGHH1VXfRN2iZedXwAcQhfgL3HuhE4Nb,2799.36
apj6fqwMz9RMQBsnffqwa1t5DYs8yw4TM6az1hzvRT3wGbe,47232
ZYMfVsQrKMLFWimPxGUg8brdzUNJzAoNhonPYvXPnqNAaX2,11546.487
afSCxbHCNM1yZuBrBgDCDiYbFfm6pjegigFjsWNSCA1B4Nr,13612.68
X4rCVMXwPpbQ1Fhh3cJuNgLcRVmsaoF8wvQuo7pi1yo98dn,247680
bgtdVqTXLH5WmxYDAThstz9m3q3jqec4U4ogsoJaAaQjRV1,39185.811
a5pUsNedKYkckY2mNpp4BBFN8RbcVa2jhvasnWXbuGicBPc,90780.48
WHV5Y9zB2HW9EFCieFMhH8mfm8ebtn6mNP4rBosaSRVbiyY,92160
YQE9UVEsSHYA6uW4L4GZTa1HmGPaASb57KNJfxo2Fm22ycf,42624
bK9U9aYHpGNRnUGnFHNeeLscy5gLjriYypBSbGdtzdTiTkC,299779.2
XRB9GyitV5buV8X1GVTYWkkBZkCcp73rXWheP4YEkiU4WdF,155962.08
Yjnhzp9zT7BxV5ioaP3j7uARb638mVzu8Djg9WoMZSqKdSg,7509.6
ZcC8ud6JSzBFzHYnyS8ZzmJiQdrt7iGL1zGUaQ9M8jQzi2t,9788.04
XCd72HWktKBoViPJWMVihNLewiydChEF29KSgPtERBesQ6j,96176.961
Zt31umY67w8ahzDWfFSe7WpHSJAWEjQFnuxtSxck2x27WpB,55008
aGPdXs8Ke2e9zE57EhMyYAVMC15VEbYBSGmmaVQCcdJkzgK,44323.2
Z4NUfdMdYN8EZAmnqvVpd1k5RDHBELjWqSbxU1QBbBFAnYY,3168
Zz6yK1NQj7aBXuBuTD3GLawpHyrokSX1J31r59AVEDyUFDm,65948.4
aNUueBjVNthD7NRPaNjgtHVVKY6WtKSWk3q4crcU9mp145i,251028
af7Ws6BkoNHbLsCKZXY32gSQ2wfA4J6WgUXsCPVhgtyU2u6,4932360.9
YyQqyZkVEyPnGg4tbWeTeCWDkCR17nYsvQHEuLF2aSLorQm,87386.04
appdH1MJYpwMrgcJ2XG37o6JX7VFwm4a2qcftH8HD2wGQzY,170248.824
Y82RL1hhcY8m96yB83Kxs83fyKXMopeMWAMj4qsazvPbDbU,23342.76
a7jNxx8HofPiEohbxcjSLGEgZNr9nCAZMPpcXv9QwERwn8f,18695.376
asx7dDV2D5iH7qu1zWemmJuQ6fwEDpjgSqerBLRaZho6iGq,50118.723
WftRA9FUgrPGNn7cqRhdvzjN8QdqpDmSCB3KXVGay2HZ566,73683.891
ZheqZEeZ3LEQJKEKh3nsaZwLUFAX7SLTg3xcwLzrMEb97sg,417087.081
Ymj7e9Jn3t5yGR89Xot6p1BVsAZAarrWXTKQmzVwF2wvuuw,49462.335
WfHCm75DKaoxDT1srizu7uJQZp1qN3kXotsVxEbEdMnGR16,90584.64
ZqrYwRaKF8xax8wDQfqURawSxSBH9447VNhJB9g9kwTaR2u,12569.031
Y5RF4NmrdcNHrcQmtcxCE5jHbCf27TdFArtAco8vFQiHmm2,90432
ZBZo7FqnCSqUXnBhwWNYXc4TFdGqo2tCN2BfzEoQocAoQmP,228009.6
WKZcrREHevGos8egpaimd4pPKbybhBpR8K45wjeCrm5D5SQ,2491.2
YgtesGAKrjgyXNiPMGUrztfDsJgYzknyhogjfoRQdqkgrPK,435051.666
ZD8U3AmAsvTh4AxtpvPkJ3PAB5tEYdiuNc9gLemBVrZexSB,190512
aynArELT5xAc8kz1iKUePuM7gjNB4xzfWDsuoyYpXfZ9cwm,23443.2
ZRTvQqWHF2aT8bvz9ZMtPucMkjpfbuNSDb8cVQAB21XJ4S9,22824
ZBLwT5AMhuSoEqMGRAnj6T8T1FiyfGqeZWVAnbcLEsKxCmj,22070.16
X7ZPwnRG5v6imH2afB9Sbc2JzEqmmjg9B7uoQuqE7s2o6hC,23040
YocgAWEnT2Z6JxmVkVSkCjF41EP6t6653nCCuhqGGRExCjf,297080.181
bPKnTigA7eEDw2HksPrViAyt9LKd4p5tpKgyRwr81x7Zc2H,73472831.991
WWQ5kVDEeSfUeLPe6A46Yj97PtGRRvX3aCB5gfUufF8Ynp9,138407.391
ZJp6gLS1JTjZaCtYXqTwjkVuENyFRbgmyKfpH6UWhCbsmd3,24048
WeDrK1fuyYSmXa5cmnyvtzBi3hJvxL3EfkC4cjV37R2rAXg,5793.246
XPAAwCTwA9otwM5SBCcE4dkMgzfMU6EYD44dVprzhXXCVTs,32943.555
W7tB5Qz6S2FuDYK6tc17WvAbxSn7odS9RSZfqxbjtZotSmg,4089.996
asrn4YYTqPbdeTUqc6xina6i7umYZ1Xniazr7jDYAJr3jsS,45475.2
XG5R8EbAh2chaiLpTcJsABZxwRqm23N1Xq3v2YqvcxgAUZM,2269846.8
aVzbskk7Ho7ytM6TRyLoukgP5xvp3NqY6w2dLsG8aJn9ACJ,652.5
aCiMZ5FqQ4xFDAyhztEs9vwfUu5WcSJAA9rP79iFbtqiDSR,18746.1
ZAma4zbYyWDSjd3CKh8EBsiv6keKszcZNNZicAGCmRxPVcC,174384
XRNmR9c9qEWwqrsGPBQe3n19AiWTQQ4cUbH811Epcb9UaLF,68871.24
Ya4dNDNfu3fRqxfhHUgUU4fXDQBa7nNnxAYYd7SDmMpeELy,33825.6
XRXLq8su96wB6JvjwpwJa7YjWoXoj1P67i2GYt9RPgu5aEJ,11814.84
YAy9YBuGdJYhp8TNznRQtNmHH6i4qhqnCeAsDpPgdUn5ai5,200448
X2pNabMhC4SNQm4p9cCw69jCTDDV3Urx1FvxUM9tCvQH1du,2275.2
Y6bbpSvnBoxkt9VyCrMoZwQPtTobfy3btsJHJKR2GyGLviU,11088
X9YhMYKgzAvCkFGi6BXjXdP3E4CwkZNYH6PMHpkUfL5GrA5,12026.88
aEhu2YeX28zuRKEP7gvm61jXiWCL9GbuxgWvtDjZWtVUywC,60264
YafV5c1vNbDpMSgwr8ZDXG3L3hWgbzZ5Una2XTa8Ne33Lz4,3182.49
ZxSDxC1jjbDCxaPQaoc67PyvBvTseFVxkyySEzi5QWgQ41a,6345
bQEmvnMtdvQpndqDotbgqjJsDQyAQJHfA6PcoCRhmrNEgAa,23722.56
bg5PF9f5hoBsPZVYs1Hfr9McVJct3gwrD9Zcag6CdZYsJBq,120384
aQkt1sSbhZJE8KSVjYxsCPqAyD8yTALdg2Hu8fVGfBgogHH,53167.968
WrGeF6Q7tMyh5kfndxiLvjqkt9w8naWRBRNX2g7p1aqmJQB,480960
XJ5SUG8bEnvkjVgbAHVPkf2LKEjHB5mARFpukfeHqUn8Azi,269275.491
XdhCsNod3GtcUL8esgzrem9PrGrsyYc2XgG5jNKFUrA43Mv,228969
WQ4K26zEBstw2x121WsFNDb8CRjEwAFyWhZiGf8WvjhFFd5,175104
X5mp9UVZGua3tFeJKZ9mJCn7JSqvQnrweEwoX4aVhpBaXmf,27181.44
WyugSEfSKwLSA4nGavrmPr4KBimLhSPWJaGE1GBzrzFLVwv,9216
YgqcDD8L9ifr5dWxpCFM3hssBG4usyduAj9kvCiGixrTV2B,94122.72
XMxgHMFjNfBRKvFX2pTjKeT4w81CHtzSsUntnZmJwmLEUWa,23459.04
XNJKfxZSDRu9Pie5AqdAR93qhtBXnZng5bPrJCPXzKxge6w,12600
b1bQqH1HzQ9Y6q4eun2H5rqqL883Fp5kUHVxaX56FDMjCXS,13221.9
Z5LtfsMwRVhCjiZoSoGKMVPrj4ettjwwW1euBNXuGSFYoV3,23040
b1CeyqX3hcnEosYvv8B1ANgMZbg5MaXRiUHYoUoSmgitGp7,55871.091
an8QDGUWfxF5tWo3P8LBxP1g9U6sTVgjonPcvCCrN4oR2oT,24131.52
WeFQpE5EcZGtUpz39PgcYyYbyaogtDCyhavbtuT5ZH3LFPN,52531.2
XAa68r3GpYzqDkDxgZAFqRqkpHkgrxmTxWjbZgSgUidxRo5,178560
XhYFCn5unp1PovgngNxjob8mxTyBa4Pj7vdegCWeP78JqFj,3912.615
WWAyoLEMjboFWT2CPkPvL3Ep11qNJJGN9zUbLhGP5SSMirQ,31457.682
ayraDaqUuUdYPFQnkR1K1Df1WbXm5J5cPACqEBf6e1xgqak,12519.36
WBy4dZSqKnXCR4GwUtLbmetgN4sCQXZrz3kwxrbt5xMK27y,68256
ZC46gns3Q4sp4AeFAkYQWJ2LEenvoWsWX4DM4fxUmRuTjwo,9079.2
a7zdXvufZMNXuBGSd2LgnN9pSWe2xHH6VZ3nUsn8XE1c2NB,12319.2
YCLyTxLP5RDbujNydSBLSvauJcqn5nRFbz4WeeCEUzqVTE8,22053.6
XE5pXKKRHQBLziAxJzxiDXu6asushNng41tgp7zrBV6EBHb,66780
ar54ZfXnhqemM8QUtJTDCDjEsKaLtEA7aqg67AVpasvEExc,2433.6
Xo9CoGZ36SCig4YkV9AUKMPHiGR3s86RKU7jUVZ4StPMn9U,117360
YT7RRK8Tgw1WsXt6CEMmiAZNWFZgwRVYJUCEEVdP1LQzHPX,48672
Z3H1YPjqdfpHJJuLWsRhhxGgE7xoNnaQWFd74r1AEBrhHCh,23472
bQHc7kt8StypcuRnwvH82P3o2UZrDz5d2HA5hMX5bQY68Yz,558979.191
aR4shMdXzVf29UqekSKqmi1EbRBx76AcpwoXgh2u4xffuAG,425797.182
XCxecMe8RrWCAgVEdKy1SBjUwXHQcpZcVTnS7PeRHaHdbpB,23353.92
ZosjRg8doNw8p8MUeUyu1sSLvhMnDByWX1VadmwsZhejCng,37467.36
aTiTuN1tHBiXPUJ7an2xBkaSBvarysicuTdrmfiSDp76EH9,104371.2
WmmUCKnuSyNZXkFTsVSA5nLYqVZaZsray97s5R9v73kaGnd,108288
WQhBWNE1b5FdmvtPDQiCaeYZwMg97mzB2iPJTBjTgCmqiQm,121539.231
a46pAZNC45cF3ozftHFWVDXa7VGmeHPb3FuyvAHvRLCSC2M,4431.6
XHnLzJaMUdwzj3SZPEPgNf4BPv3cFVzQPJsZhfYa9HoJEeo,111242.16
ZcRm5b8FvC8B8APy1jtsGH8YwB8Kh7FKCTjNKsYi84eMpxn,5878.08
ZCba3jBMrYTWSWq6ZCkoVAEBpk7jJmpAyfX8MLFYvMKdHsG,1632.96
ZjRyNrzhgLXML9nm7JLQBfRyC24h1aJSfRpTZZNgNgJnnmD,1163997.54
bLV6XDx1wwqSuTkW51stTXHFqxZiqFBsZErbAMNGAJBDaer,43803.36
XyvcWGedEPeCLbx2gaJXa6PLSw246QPs6oefqVA9X2djPrL,72480.96
XcxPD2mf3Wx6XxiRxsGC98iaFVLZWriZ89FSfgu1hqyJgzY,2289600
WzGBd69ZgKFe9gMCjTsK66FE9rmtWeJbPzw75P3EJNryTEw,22899.258
aB6J5GEG9goNrk4ygrsBashWVd8kAn5Afv8ywjsruAM9Sjp,136800
bJ72qzH5SXS1C6Q4fw94qj5W255W6Pu4CV9YC5VgTBXWoD3,12592.8
Y81bxw2rPbkm9DS938iur4rZMciGBWYagcNN97LbMEnSysR,42220.8
Zd36DkVz9iwSncsZe9oybv7ja925B4wDauYtu3FVitChygK,67968
aywLiXgzUvdxj6fXweA84yt2rEv3XSaCkfdYoPZkeMye5JK,67824
YAjfURRV15bkb5Yeiv8bVb9yt8mcam1tJtxm1bWNCCi54Vd,34992
Wn2w3TAaYMPm6tRR1mUMdRvZK1dzdL8UVXZScqJ72P7XHMn,49526.64
aZNAgenyzXQriyhCL2oVZFDfPaVqnbs4bLbytxpaxzXemXc,31816.08
VzLFSVa6Qrjb31u9Ss4nJPhUMDzPQeVX5gup3tw8nAFz8LD,22032
aFJJv8h2sbuiX4XdGJ5VKZaAb7o5NYcMxkzDZfzNvkHw9Jj,64432.8
XibPbnxufdzRMGMejZHWdeetH7DM4DChh6ZBorXurYPALWC,1195200
YLu2EenhEd93KxP5pNAcW3ZiHq3iDssRMvpuvxDHr9pohBD,11304
YdsaJ8dRT7iYFyNbdKKZWXuLnCrhnnVoMhBQDpQzohuE3au,22320
ZxJvp88Wg93Hkqnsfyu1kDjM5igvqTWxxhHzosWHHGQB3x3,28080
WDWz2Z5o8E4EdT2NS9QKUTiuW1gcSjkzsjY4nmWMSoiNcbi,1116
Y2km7V4iV2fWtgZWmfKzeYgaEHz5ow6uo11FSKPkBK7dBhd,14696.64
bSVzfkdr4wuS3kouicZg35Dz5CAMhaxGFJLbXvedvYRG2Qp,5598.72
bLKqDgSG7UBYkNkSH4zuUpDnwUeuU6RAbgdPL4t5VWbcY2M,252684.72
bL2qfEAryJiFc5ZHVbX1bL7gRoZJfQKN8jcJ883ttPY78ej,22320
YwrLjBdvxNWHjnKpxrZzgMY3BLMiFrTcr1poZ3G6sULRVGd,28599.48
ZXYQ2CobVs4TAn7hbgQJbANcBeg5HNZwZV4fsyH8q3HoitP,2260799.991
b23uWFwfy7HB8zuFicL2XJT8fBmAbccfVb3AjAe7fj4EBbx,25221.6
WEbqf7y766FvZTZkvArJWdXNBZCjo2MLfTfTfALVUgxcZv1,1404
a9pqFraM4nwFJuc5pjLSqMa8WbooDCNnYq7mn7AXXJXRPuP,66816
WbR69D9AxJHCKxeT9KpKrny2mbHJBtF9PbsQssEXVsMjEHp,153331.2
aHFzRrX3dz14hvAecsHX5f5s9SzJVTSuM2Vo7QgDL1oNdYw,26958.24
W9hc6q786EVkQEdkM8nXJaGWxqwpruCyE69tgLTZNxEtQHa,32126.4
WX8d7E5c7BRC6crSxXAsrJAz7YzdqafgvyfoubxbvWwRwQC,41040
b5Ut5HyAKZh2qLwAWstgQuta7HwZrJwf3yE89MXCxioStUp,541356.192
W7QCJ6JKypNfdvuxv3oLkFqzBJp4VJ7yF5iAw9rYfdNL3wd,277286.4
Xf3GxTMV6u1VDHH8qRnnrL3G1qTuimqjtNTvn7YMHkCnUVQ,73854
Zs4JCgjAJEtXgk2n6ACt3pQBDUn9zr73WPiEqTXq95jpppV,71316
ZodQq7hntaVP7Jiva9jPutcQtQxE2YS2FQDcFxUGr15xgB6,33368.04
YBDyLE42AiUSDsKJ8iZvqvU2GMkMrKLVk4EQzPFqXcyUub8,17049.6
bEfSCt9K27Cmmu2wzCiWm9SRCeraKCT3osgJc8Q97yyknYb,29390.391
YxUsvXApxXwiA7vPuwzTgjEXFKAGAYFHiGwHJu6LyEwfQ8J,9446.4
ZPpdzVpwx2tiVXfMJW5XzBk2hAb8zvFDnwF7szEjpoXoKXM,2217.6
Z13Bbxz1Qak5bc4AcUk9aJEUEx7wd2Djfn945o4KeQy1k9Q,9342
Xiq2Up5wZAyJUxM5YhJa9WdZNirv92CoRmGGVE1igwz2Mxh,22387.707
ZYaYk8UCiMH8JAJ7y1Z4XF67yZLp56dVZufswUGCG4AVFsm,888191.811
b3XWthiWDDwqdUe8Nb5DDDeT48Lf9jL7djyTjff6NYRRYzt,111600
W9cUDF9WQbhXCup3eiGLRF59sedv6sgFwinzVqkHGjcSz5F,16032.96
ZcbCaZogYCCTYNeYtA5oq6wuqXpsWrTdU93UgqXDLQdAoFM,25868.556
X3kW321XmFufVGsWdFor8hbG2ywRE2bozaWDoL8xBf5Ndng,90288
Y89xw7JjqWTWTqRfp2S7bcAh3AkBpdeDSECwFGwerDbC81k,132848.55
bPb5groD7t9oPCwhLrybg2R19i5rZr4YQGTifbzVVDjkruh,45158.391
XSeQ77J3GuZT9Jx7jDaVWCtUjDMmTTWR4pdnkF59UL2FnqL,56016
YXebHX71sNHgqe7Me4isA6Sjw5bECEUU8zPW1FscjhayDN5,27360
aevUBh7GS6coAkWrCrTz4VEmqGvCkHwE8PDQtAwyD136h8y,43366.32
W7MQ38aCmHK38ygFb67jYtATfXLYYiT3QGvsrWwDpeDrAB1,76371.84
biemmzWo7uT2q1kJu84tHbB8ktzAWdWVThgCjxNuWHsB8MN,2753.325
bVCnsG1UEG78mj2cHwCHSSJp6SQgqhJ7J5zJmZCkT9ykott,931392
addWYoCdeKzHydANNCFT2WfFsPCqK672BWvjX1ZBcgmdLop,5795.091
YTvtQNysUmpYeyhy6QNDAa3hsTmPv1o2U6AwjrkRt1upMGe,2419.2
XFVREBjf5mwF1ywKKzzfcjPc6qy5ffFkcZN9zaL5gs4N4ra,14139.36
WeyHwdNuQEy13woYDTj3uU5KLUQ3ywNgFmKPMNBPKkR6pXX,2736000
ZpAepsErGnPkKW6UJq1gqBYpaFaJwRJkhdvGPx94zFZwbcv,32256
ZXPA8CSxYHy79VY8hi9H83LUAh9v19JWBvC8FAMD4V15qi3,170100
YFstGkCkuYvtvTaWo7D8KkPFQYZZJKw52o2phe9CNy3TmVe,251780.544
bZbXaYqvXBYwdoY4g9k5YBMnXTpJ7r5JPLTGbhMVw7koTtd,9619.2
ZFvqrYnkT6RXdY41AxD1dAqqCjrYhYxxkkLpDGmJrAKnjR6,30451.185
YkwEVhkCv3fWUHrunUeJPxiA8MhZVWnxRmawGRSYo72QUGL,28047.6
XKXAQfwjHoBZHxrysWEFgcVgkSTiUMx5PG7vACCKJsnX2da,3528.9
aYmKdQETq5iqjnRGA8uhCaJisxQ22kVgWrkJCJKm9BuVPZz,8008387.2
Y2KpCm75yKRzUEmifQK59jy2aTGH34pJYSgXaS56uxpCnZb,136944
W6UdrXeMhZ7DnC5Z3aHCK3iBtQ3NeiY3VSGEt551t7UXgND,54349.2
Vz6hbeXeiiSchVjxjEqkDfM4SKxci29jG1jfaefit3jabxg,109439.991
ZE7wLum6vJYjvGQD9S7asj1HgyVnQCyMq6npwpVgLAiuvUg,6934.77
aQKVVFKVJuLqE5agd9MJx4mxgA42Tmymib5b1Ujb9FrsK1Q,80640
a1e3MrGEAsBjK9W3A4XExAt5QdSdQMi4kzDaCHv5P51x9LV,16582.356
YHyyh3Vm8UW4jT5fyseY531qLSsUco8WYtaboWud6hPntHH,122428.8
WXcNbL8uJb4o5ewLin2jHXENb6JEAG7NjAAdpLShemwnVcN,14745.6
XjVT3iDBs6mr6Aho3P2JGYq76UQdMj9KNMezBTiSUhms2qz,9959.76
agonEroHPDp8yk3KvvX2LTfYAw8thKuJf5j623PRTExq5Fi,13903.2
ZZC4XtkA6aPZhFCTTgsNwHJSoxPWZY3mu2VUrS6cdZNSpmE,24235.2
a7refnY95cvufwDTvZr3xaLK1tcDFQk5Ut4seJRzLpJGJDJ,100370.763
YKyYF4drVefzUu5uEsUnN2N44trdUzR2iK3gPRQSya2cY3W,122093.901
X3sRLH58W5YAhKcBxQFHY4S1fHnF1YyYknxRVkTCw1fUeqK,69984
bULqkuRqcKknMoh9LXASHtBGiGsJ3G51m7sD8bUCJWASxSv,17193.6
bKz1kjNf766fpRkKH8f56oN4FNVvVsK8zobjra2k6e36Xz9,2201472
ZgZe71eVvQTkw4WyAc7baZcocdjxjZtcFY7FawxJ3uQ5TLM,33588
bQnPGrsSXRRjFREd7eVRct3mucgkYkph9vG8rJ1xWWZ8rTm,19440
ZzJNGGhnNBw32pXqzHpLNNJ8PF2XHUzfLwnR9FDTvSVKbiM,2193.48
YRB5NADSjYRFCeN28QzUe5SGdwNnmiEg8Y21LcicjxCxMgp,18643.068
b1LGfvW5o6xkmFLwN9uYZzUPKFRAAz3QTpR4Bt3zGKC2pp7,8338.392
ZpLjJRECZ3YckWjvmEYttjVZVoKt6T5LQTdER18iDHk5xdE,43472.16
WbibKNszGYAHkk9EutU7MMC3c29xiCuDvVSAW415YP7p5xy,246228.48
ZC3ZMx8i6XK1Nf4vQGeKomEdGvEx8LyT5hYj63yjcTqCmUV,35712
YjpJBoy5VKcMkGsW2itbvxKDDBGp3CXs41zLuVF7A49h8R6,12384
aagMF4n6u5J8T9dCVJhe34ThZTj9aSZD6HjXfYstN9b9ZwF,13680
aK1mftKKUvszwDD1b6UDZFuMjdXuTNNSX6GtMJ9jLw1MZgL,4530.096
aKrZcyS3WTxtsJyxGrUeq4UFNEfCBhKmUtfx9qsGQgsw5nX,247536
X8h96e7zcx73AuEJWSmt4LMG1gqpBWbDX571ZxcNYz61dsi,99147.852
XhGQkdFcWU3q9SUXCWNEPBbXiPhWMJqndtLCignUN7fGo4d,22752
ZtPLcKSbiRJCKHbZLb6GxhXnqL69aysNTB3d7ubhVmy56Cv,21450.24
biVd1B7hFBhxg79kbasLCtzgSAFzK6ZXcyWPx1osCsYy3Ut,108275.04
YeUuWdTMjTV1iLH8mM9UE84CJTMyYRdnPR62YEA6JXNi8YB,23281.92
a7XM8GURzUpkznsUKsfF7gRpgCt1JbfvGR6H3V7EyefKBAh,16316.424
Zc7UCRdEHuqD3VMpuhgMZqsuRhdfrNwfUBQ76PzJ4EXcexw,2027.52
Z382ZnNvRHRGD7CrA23RbbZbNSmcRKGSBN9edTzZDVKUECC,18086.4
YUr3hS48seCwj4SGRKWDsdMs4WCpfh8WnqtnJVykwoorFkf,13386.24
Wc3agXMWwnGux3fZo6P1embAmWQTWoA41YL3R1xtBESxBuW,90748.08
WL3ymSRzCQfH1TQ3ibBm6E5S8LC6giE3mbX2arxq5Drge5i,45688.32
aKQNtZ9vageBDuBVZ2i34dYttm6C87roiZuiEHyfFepU3rs,162912.96
Xbdfhtd742xWDpQ9r98sBvZjcYvwMjy58KfpyjdCfxmLfH5,161649.36
ZYfy7hssJKTGiaEn5DAYsDiPUs7oUSszo22knBF1y46VNXG,27936
bVzYhFPY97favUvHc8fLTuzCCyfJ7kBq7NDAvRSwFfx246i,9730.827
WbiM9vzJ8TzJSvG1Q35v2qK8M5MtZ6neGUqcSqTvJFdL5PP,22415.391
XGUEkXsTqwXNF1ZDyLBpnKDWGhdaDawbh7cEqGMXAweiEZ6,230400
XANEcramTCFTLLYdSHn43Zv8yjnqxbje2RrZfnom2hHgBDt,45504
YsrZcHe5KnafhB3TFQ1y6nxSsbdR51zAyBU7az8tYngcsao,36727.02
anBsu48av8u1Mm2g8RZ3hzuxjMkq4Ddu3wNmY9GgUpred68,138533.616
ZvnhwNwoByk2AAkrPB8aA9tjVr2qTPeLc8Udsh74yvovt3q,110836.8
bNZbDFSWFWJcJqwsmiJ527UYK84ZdWmPfRPuthG4CQK5brE,9100.8
Y1bz2o46Wzxk4JNc1NUsj85Gs4ueUsd1LonDMtG6r1NDjWE,27495.063
Ysd9V45QTJZbuU2r5dgxx543U8oGFEy6Ju8dqURPaGPZw7i,207820.8
WwavASjGUir4noJ1c6NwkoGNDb7jWG8VNV7qgVTSfK3gz1S,89856
YQEvDxMbFSXHsxcPFVx1JqHyyHDtf52K174yEFM9L7ZpCbN,6696
avb85DUH5S8TLYqGQyyTdEgZMYaSBVJah7qhBjxtTKEynXb,313344
W5f5C6TtMEMPQTZjm3q2KLSuJFNnD1ek56HkZjbhu3F7hRh,8870.4
Y9s7LMhy68MTpKrLbxrPh4rB4tj4kvthkP7WmdBPpVBTe4s,165024
Y1KKFXXvL6zruasiaeM2BHMwz7qiDynBzttyjXna97YeL5B,24624
ZLd5Fs8Aq8xLbZZneMEgLTcqt2edWKLXxE9sL1BUWtAa4HX,8208
b5uLh31Eg5g8aBNVX5Yge41ThYzG61uZzApjHf1pMMuYsV7,195552
YdJqTutFFSt9zgdGiMtHSKyDGx5d9jvZoTRGEvsmxvCLa1k,3449.151
aGSgQVS2GZUYacLCAvzcJEiudj6tWT8PfwtZQp4UoH2A3gC,15436.8
Y8LpJAWrqiXnJknPDnL6K1nWB4XPjhJ7e46nzcuSX9smvSW,150975
WD3QL2e5yyQs4pXCSuub6rPTmwDTVc1BonvjXoN4ePqariv,221760
XnZT2ZQBp5abHgGSJC1r9PtRfLs3gZvAs2j3nJ5iDqKz6Fu,17636.301
XkzKGgdvVaroMLcMq3wk4TksDKSZbsx6ZDgMotMNFq1Tac4,54720
Y2urSPncRkRoH4Z6yZGdsJABMMzKRh4UhsFAYDTxUM37V1H,339264
Yr8MzGDYqFYxWvk4a5vfVrb8tHM8fWCqr2iyLjKXNS4TvqY,23472
XnmMbi73JKNLbQYcnhXoEspHjihzX9sLQ7JBVKQhWbwjDBE,28080
XU6Yyq6d7NJcwyM5sTJDTE9LQykriHuAyPTQNRTpib3XmGk,24479.991
ZfF73FwkGoaMkf8AqfrYSRy6bWnmdNx5tNToCFUdtmxremU,150912
ZaM5JAE6SnMtoKCaSVnTbFT7U4ZwyU6Zdg96Bgq1R5zg4bp,87262.56
aRCW2hEHyHqhfTt3BspHKhSWgNMUsPFakV2M5PaDddkTjkU,513503.721
YBW2XTP6LRPeczLQqUAQwcaWNzVNZdpD1mYraiuiWD1pETn,48657.591
W2cBNC9Gi4VC8bG9wtpxmvcvioknRUHL2WZLfT6dhXMA96E,93584.88
YtS4zq5YHJ99VQQe4zN1pNCxahzdapvvNWaRdggxy87MvDA,956.349
Ww9nPAb5V48pZPfsRGxKMpEymnAc5CmMwBLUCeJ8r4am1Ee,5911.38
b2wRZkdWKi4NQ7TjHUeoWfnZLyjuMx7zcJsvwShcNvMQAKr,8756.595
atfQQftfmYdZCeNcHF1PFpxro7RuGwg2zRmkdq6rdvZg1cV,24048
Y9FTZH6hWmhXDW9sBZtrKLwFNuaEYhLtT7N5E8WcJ9vaMrj,32915.52
WzBtDqnkvwJjqaNLKC927L9U6eVHUg2e2p51vWtmJFnXcoH,12434.4
aZkQtWntwsr2HYaxR9Ax44hLJ2KDXyZ2HWe3DRaGMdz43LQ,26104.32
aRTEXABGhwEMhjcm5KCTFJrJ5QHseY8sSHxCddJDpWXUd9z,12709.854
ZHnizbqN4hxq2y6a6tK1x5GsGXT8r2YpcLHhxtJxEzMdP7e,28512
YaC83vop9ucBFqGDk8zcGkSyxWiPN4Dq7PzBiFTuB2u4cbv,25999.2
ZXkDksexkvmFq26enWDhSj9f7xxbTd33XgG2c9XgABWpYpH,77522.688
Z2YuREwEeNCuFsqPCYgFdVwPfHootnxhb1zmgyNL5WYm8PW,73267.2
We4fLcmAEHKvcRHMoEXwSEHSa3BSQwDhwTzCAwL4UtVMzJx,2260.8
ZxSx14iEBncAfR8Norto7L2tPRsbRwGfMTkQLRVHZzueXXW,73782
XLWnWKhUtvChTqNBsu3v1t1qSxDCi4xDVGRu37TVNQL51a6,95916.96
WDiLeJQ9fxxBKxD84SNrEirwMjAp7yXwK1BZu3k4J9gcdNv,1807.92
bHDnFtd5UqKJsEhjcnrwXVcgvcpPQTaxmetsc5KSxXM3Atn,29305.206
XLf1eyfyKByasLB3Dy3QWRWd2huirijBJtQuk94w3h3nDdM,3240
Xkz373bsSbtyRop1VdsCLmLKhxWUTapC6BozN5v1C9MbKJz,25272
b8ZKxyLmGhbsvVezjC3Kq8PRF3AMmEsR26pbsAMmsaDNtZk,149155.2
Z9UqGh1vqqw3hymCNV7xNsMgYmMcexzYxTSMu7uutkfn3Tz,2738.151
bNx1XBdxtwxaFNvsZw82XtTXdWNwHimRFg2GmKh59XTYvBs,8418.6
ZtbB98VNf79VMwFcCLeQxoKkcNURuKmrgJgVPZc9basTkBk,61387.2
bFW7FJ19F1mJtRuQzDp6CsWMA227wUAv78JMEKN3VXfFjMf,2073.6
aGDkGD5nASJaJ8CS6gqbD6149NZE5yUdbwM6LBiuF1ShzJn,14199.84
az1aWGyqtkKqmc5SoQ14KyQL5bfiTJmeBEwj2T4DzJmjabE,15178320
b6ZJL4JdPXQn5m7mwrcjo7dno44LRdNDtkLPtW9atprqJMy,6612.48
YZZMLBV9CKVSJfdXttRKZZSKDbH4mKWmWmtLdkqVXJSNjJW,18320.58
YFTxsTALhMxKb2MQnfA7W1ivCF5aHQeLfic6QK2Z1iuqfBT,29870.892
bcPU2MYVGvUSa5nymdFrVQPKKiYSaq7rejHweHvfjNSKhbY,22861.44
Y4hwbCbqC6BgEQP4cqVkaawp5jUwVRDBo1Z9QboexYX5vaX,230400
WNHotVR3CTgtUKbeTAJHNXCunyPZnPQ6y4GaMNX68Pby2Fk,32256
XYxu24WTE6jmigTF45XhCx88yh58n1vdMXxw5eDhj23w55i,9210.24
XLHzSAudwaXPUQ3bRQJaD429vwPcJWHAbtqRBqDU6ARnvrj,13848.48
aEW2vHwULbjnvqs4oCu7izNDFSwZCV3wa8bLRrnaActsnYR,132004.8
Xo2um7bLGcXxVa6Ka1HZYsJqP3hf9yDZBBKL79DzAcS5K4v,317520
W7Yv1baqgzaz2UdE7inktAcQcKys1B4QA3Pi3W7MvrgSxig,35665.2
ZcebdcRohqtc4S2ZL2rkGL9yPoW3LdxsVqwGCzzy7msEfmt,114739.911
YDyaRZdwusdx942GFVV8AMbqgKTFH6venD6iwR5Ap9v8wky,72144
YsKk5kKSTGbYqNBvBkG7yTgSYFoeMyrwakLH8gtXKJ3wPGv,156896.28
WtAG26EbxTAj4o9mY2qp6a4AC7YsSQ3SfbNkGY8ovNgDY1d,1101.6
a1cJ8MFgiCuzxfHUdME2LMC9XeW9nghaDPiYKNvca7kuz1P,12770.991
Yt8V2nuNywPvMxT2GjiH4VRgzoUZNGLq8LCVdGb7Y91FFxF,15016.32
arb9KvU5WGMooCdSheGsbkNWiVVdPP7MHvMVxzisKRgTF2o,33825.6
X4hiJjBeCg17eYRkduF7supxDDKZ197QL4mcC2cht9hJsLf,85262.4
WuLHLZPaWE9jCqVGQGJdLL4nEWsK9uCKGYh4EUjhwF1WAyt,24768
bJ78euM1r4YM71MmGmXjvmqsJ6YbBZAjjoDd2KgZtq71XET,13896
ZJm5LKVcC5ZXJU2sSACYMuj9vZwYFSBUcB7Rp6pEAiUjBP6,5138340.12
Yz4bK8SKHgrRThEdAwCLxnsH67M3WVr1HhEz87ShHeJdcup,26812.8
adEYcq7khbj3K1b1jL242GCno3aRKxvBjxezhkLcapfXny9,4377.6
W91NUA9GGyRZAHKNbs4mLRUPZjZYWfBT79r7PtNvjC1m6e6,22660.848
bKMmFWUtxv6rqKa4J7acJZ2LLENj93hh5FpJhAvUfY8qcFf,407073.6
arTJtMop9RK4iEoJ49w4FZAWM1hcNvfbzYEYqhGpWYH4x7N,3283.2
Wq3LLeCBbZcsLLfU13QiLVaMk9AW9VXCN4XJyEG1n4hbg5E,6782.4
ZxJaQWh7qHnAQf6jrawWgDqra5BXUdDuRzGXmrHWpHjQdXH,44640
Y6gTD5qfN2PLDkagrajXLByoVWJqSv5WSSfCGzQSuyEwxJu,1686.15
Yyjp4aaaRGJ7vpE4y2KAFt96xcQDcmYaPWaC3Hm2jCDjsi1,26928
ZvPLdNUF1rUMCRQ2weQ3YtG4J9S2HDxoSxWyAhKsTHagReS,23616
WrMhhwNS1xEu5wYhpxqsWJVqx3ezDzscANcQnrH5h1pBZaw,5482.08
XCoBn9MvQvEkPGowDR4867z6nCiNm7aGf9pNJWyjcoiB7rC,22608
a2DYJaFZ3DXuLMgYDw2DySX4bDVD8eqYABq3xYsuFWc3FSi,28634.4
X7q3wdeKJSNocMtYWmvTzhM9q3MxTeagk8KZCnUi3fNZfNw,23191.02
ZhXGrQAkGR2PdCPZaZRwj8ptTNkcgboL9TepPQJCCWVXtqB,69120
YfuxdK8zStEx2zZ7hTNNxCJBEpy6hsZRQXYrhuULnm9pZxF,11880
Wv5wf71oBm3m4pztu8VtWvqRmcwPDq64dwhjQ5g27ZUQyW1,7048.8
af1DoWUqorcMu2S4b9HGKxLG6FvHTCyKWKaHUQazSCeiNmy,357228.063
W11DNEM1eW8mnam5YB8q3KrV5FBEXG7DEhbVaSU2J61XY7e,21840.48
ZRPipzcrV6CUpmyEtKSLS2rXAEBGGJaMYhe1ChP5cXHGde3,1356027.84
ZrC7KB9xdK41s7SNdqSSETi4WTEE8JphRgYt96Gp1MC73wE,44311.68
ZTmR5ciFnWrN1i6CnoTU4BcCauWmoRz2Jbn4thb4dUE8vNM,9768.141
XWZC4FEXb4BGdWBnWbeHFA4Whtdj4BJsRg3V2eaCur6asSo,92921.76
ZbZreq3ykXAKJ3PyqX4NQiPLG3vQajjckKzrVvf22nwRBfC,134640
Wkux7rGxWQ4vdp3pHAFZ4Nx1Vv1sRcfMVKjjk6tXG9e5oMz,388800
ZsbuoRK9ysz7TVzh3QkJefnGGbkvAvMZuyEbFNUgbC4PgYg,1644428.691
XyAUqsinVqipvYEYiVzxiRSbEJsmERUicTyaE5wbVeore34,28559.862
ZxHq8cNKwW8kyeh6416UWYRWKxnzrZZcXALJbKusXZcHtZK,13737.852
Y2oo5J5DNg78Y85K2MHkk7mL2oc6aE7h5vp2W8j9Bc3Px9N,32256
YNVSd47JXVAPXX4qQ7mV3BB4Yxe9tDVwHTR4UsbuysTBpK8,115430.4
XsTQDG8roNpATWgsVtib14fbg595SSNWhR6y6vUxkrhajtR,28569.6
WywZ9WjNRUnWwVyaZ7eZUjEL5SfNjTr1LehZPXBmBk9rDvG,44352
a57LCYNWZ67bFD9rcSSuwAxRLNkC4P4D55GnGvaW1Sq2UM6,11529
VydFMMs8M2frRGtY2dPuUAKwJ3b8HancRVKNgLUY9LPGMva,494121.6
YyTqvw3uuJCgfYsUJe2S9oQTYkkcy9tYzg8Ze4YUdAFh85P,23328
ZBv3ErPYALPjaTPbZ4qTK8o9CYDuk1TE1mj6LgHAn45Rpmm,157069.008
XBhdTa9Pah6Ngu9uujF67jCizHQy7chFwtkJNBfD89bB7cN,699606
Y29RKwnotQvfUwGvTq5Gp7ahZjadR35U6QWV5amoKU9Syi7,1224
WWNooYgWdcHV7giAXweDGbY1C7XffwVPdBcJqjJpv7MJvR8,36583.2
Wjb1ZcWQ9tFwx421UWfbKP5i3THhvnV2yo4qypLpbgaFonS,45896.049
ZBZx8yc5Hcb5eBKHUXKtBr9B2zxBMTC2jBgnDx34E5uDVD4,60336
XT7bNG2UVBjBWk6xz5qkfosP6zWyY4hH2ENQqfgTnqKrWZg,6163199.901
WGZcbVJkLCA75koJ5PcNo7VRYXGxbC4iVgTsAsVH1oZD6ZL,12497.976
WYs9d8SMZrmgDcunxttCZAM7WXfpaN5GNvQqagb1jERHhQ2,34560
b7xeTscctQSRn1rFEqqpd7cTuegMiY4n4z1E4t9USWMgZk5,136799.991
aYaPHjTj1Z85uV9gffqJHoQbHr5uKxL5qrg8nkL69SJeoT6,94392
aMVbSPPmPekAAdgQevtabV8YZrnG8vhNyRKMBLa9bczfGzQ,56174.4
ZC9mZHmfVrryQ8LEJ8JVLSpAWmXzXTAGQoDtvGHdiLZEJ5V,35703.36
Xpz6HYYNdEcBC5B2ExZy2d8KnqPjqECLhKnf5MnqUDdHNpU,10800
ZRDcx6vbPY7ZP1Kh91aCmEH9Tx95apS4gA3qsnr45NcHyXF,11077.92
WZvcoHRtvn67TdCSx2AVoW6Kzko5pr6oXkoREGALc4WcijT,48672
XN2fqfNGu9HLFjsDQ9VgF9TTGbxPyQtiiuQQFzqf3xrxfYX,7002.198
bWarcVxREnu9HUvNHNkQjsViuoWGtanUtPFrwcftC92bVNG,235007.091
XWR1NKufdGLYtJUrBevGZCFuHp4JY6Mj869mg6MkwTe129v,23904
YMBiGAhKPiTHbd8oSUBoo2BBrpknZN2hBB4jC7jHw1EzMk2,168404.832
Z331QU7zRqsR7DKs7n7aLduADPxRmxXmESnUE7MZYFhQMBm,8449.92
WMSHpSqyt8Ft1Fka3EurP1tMUGKjyexaGhCBjqPXomJhdAs,10068.48
WkzWfJmig9Si5JGFMKQkJxD9NjgQTeHetAgqYG3xvXW75zq,89280
WuPCTzR8CagjfCL24uTKV8RgKmQ37qRkVePHZHWLTa1hboP,22608
Wvv9obxThRUga9cQhY2kTSD3Aj4cnPERaYZt4UBadvQUPXg,22896
aQ5WdwxZ1JuGq2GAHTDCBp3pnrn8u4otTBccKbWE9cv9ww8,27403.2
aYKFRAs8DnifZErpaVBVK8NFKyxqEW6NNNAuh3CSB9pi5Cy,527270.4
awPUruouQhPrSfUgLCA26RSBeUN2SzhLbekJT22vk9nunz8,37326.24
XLcBVKdHN9q97pf4H5J7A4gb4BnSUSeHDp5MyuiXDxiBWda,1333922.4
bddEpx5yFYkhqGW3N9iKCsqJH3QJqctocjs3rGuTMhxJG5y,10240.56
WHeZsRyH7xYRvBk3SA932mV3Mjaszq7CtqXWasg1NKYCA5G,30591
ZkMPrKfgcoQxg7xKey2P8M7bPMVYQGQmYZeU8V3DW1w3iYp,173376
Xzt4HnCjBFWbFhhD6EBnh5Buk9KFo9aMjYnkpEvov1N8ysz,24192
b3WRYj1why8CH5YvN3LSYHLykucmmkWBsw3gbWJFFMpk7wD,9239.391
Xr5zYNHq4JQNMsyFPHNwbKdejBtg9cHJdm9smTkDqm3JW1Y,60739.2
WebaX37t2YYCLTTukTGuihNtaievnY1a8LpzbkL4fZfREqF,93452.688
acxSTgsJMhYPGoJrMp5YgHdZVPnqaLyLRfuznQTxrH48UcK,27791.991
YZNdNxoP2GBg7fwqEmTLCRHiUznB7KYkewjg2mffJC6RNLT,54216
ZSpcHDUioETo1etB63xStrJpU2TmbbjKDy1wgi449wvrbXU,8220.96
YaHefTgkfQohPwrLwQWY46EjELLjnLcy1JNPcCoF3cMj917,4967.991
ZAHyq8CWEb5jr6QbH8eg4zJ9uBgkEyE5UseoAtoHsemRCe6,333391.68
Ym2vaeR7f3CKAZZg1wZ86QTtUuwNX9GG65PJdAvWUgj6YaU,32716.8
XE6LShYQM96MwpnfDCAiaXgHMQ1hUPXra6qUN6riP93qhqc,59400
aEiQ3jch2u1ht82NaKrzdK95ngMacBqRTRvdud76PxNHV5f,16219.44
W6qZiNtEbLM7VhPyXRNnUReBgWp277CY3pWKsjG6pJyPmvg,27216
WebmwE4VwjfEd14fcYiFLyAAqZwCcpixiafXi7LCanbzvCT,10321.92
bQGeNGFYv21NwPTBQmCLvAkDHz6us8aLsK9NMABnkbeHvw2,27504
Y2ZoEUUKSumRgRbQbJA9G83N3yn87Y7v4rZG36usNoz8sUJ,70502.4
WDkGbGUnF15ysjudDG8Pc8t76kWYXJEWQkQoMe4YatDeQLw,42955.2
bdeWayzouWQGoYmqEpZJqjMAAKQfLtBbxCorMqRENdPueKR,11304
Y7bN5FasPFLxk1XYJtDVqGkxZ1bF7uUeRqprwBHaPqVkdYe,111166.191
Wczh5BtxUbY7LCcRboL2Yt32dJCoLtVcYtHiqSNhGaogV5c,68687.901
WDpHsTnZD1RJXhdNUaGiSJdUvBjjXiTf8ACTUMMvSUh2bL3,1108.8
ZMNEyD9iF7nfHaVogeJ7DTBJ4d3iD6Qq83hXuk1JepCKVqi,27086.4
Y82m3RZMtu4RdLSd7JuhJrVoCWudjayjVjfY9wKbRdC5vu2,23247.36
b5f4vSJhLpyjRWhdRsBgm5Q5D4g4dyjKwgXND3QSDg9QTrf,59837.76
avvWRXiKum7DD48aAehjeL4wwsrFDa7WyLY8J4LXMaffg2s,22720.311
Zag4nsr3Mv4p3LyAqVseHfrB6geC45Kbovf6kTXWErwLWLR,95342.4
VzYkTxVRTTHiQ9ifaBMvz2tXPeL4Msb9UNq7KuCGRgNQAKu,230400
YSjYeRQdh8d73kqKwx7k3x2UW4BzBEHf9JyZPsDVVBBGdtp,21078.72
XMtBrXq13U2xrYsnx9iCz87vf39LXvhoggFeR2yxKFo4DcF,232992
bLqpkG1vEJNXi3sQctdBLYPwCbnBXdcScFpZ43no1LVJdSS,47764.8
asLpXPZP6bkYHomsYXwZiL8nqLpWTqfgPdU95huLrS8HUca,44352
beUhk7kyT7AJ4yhuRvyrdvzjLWccZ1znfP9EHVfSvxphvkG,69778.746
VwPUF3Mn8hnbi2rEobFK7wziv1QqRSBq55d6n4vSxkxwt5s,91584
aKqeiUCgoVmzKHbBrSWrpXetMJs1AbfJjFANtcceBMpiej2,75398.4
aLBef2ogzZdvej9Afyr9ag3jAAYbCatWzvpFabzmdS6WjJQ,9978.138
bb6ZzsXSCCTt3Q6T2V1AAwd7ie5DTqh79wQXe6tLj3s5KK7,12384
YHgUVohjXsZJzYyiC43nu7tyQJjUsss79VLtVW2AtMsNxqT,1696.077
bMe7xAVsReGSkAPjthde151wZ3EcBtyQUXKPAGYRTf9QbSS,132951.312
aizALbrZQv6Fwf4PtyY1nZ7DHNnE4Fb8E5tmbfCHe3Efu9Z,23474.16
WtTa3rDeXm95bLbHTR4Ueuw8XyedrKj4jGvbdDghsukhFfx,231840
Zff5sBknCUDeL6HWjunfJQQhPyAGFVeLWau28dwAYEich75,1137.6
XCK79tZumSrDuyuniYGDEhxSRLd9G7yMo9rKU7Q6rtGXUfS,92016
bTRCMFJwkuYsGWrmige6mmMMu2J4msGQoT7UGS7MixU7wb2,3391.2
WNcAca2mnDnECMs7Nk6cV34Pqwvs5M3yiVTUNuazWMdE5Ym,23759.991
Yc7dGr4GjrdJQG4xiZnSS5TGa8XRPGtZvjUzwhx9AeTYr6c,24652.8
Yj9mS4nvMQbtgYrJZWsp35aRvnh9PuegWEUocaZLR1nHzME,28688.688
aemMEdrdJYjw2ph768jM5PUF3Nsh8nQzVsUdwpJpr4AgEck,82655.991
Yj7UQVCEFbtLXM4DbF4eHffJvYvV8mGNUMbPNVket617cgQ,22320
WiWtu6SbAw6MnDM8isjNceoUikZxiwH4Mz17KKo17ZyZ236,180576
Y8PPfWQ3oF8xz1uLNXb6fRTGdPfHaPSGPRPf8ye7wZ4PAJA,10302.84
XUComoBMgocUUBnzEcc6pEZZxezVMvEdo38yJLDJy59Q965,87448.32
WsqSkf9juauUo4ueEkFZ5AhuF1JgYRvNo5CGhTwfkc58S13,23372.541
WumMLUZxTr23YhZTVirPx4gVzW3Gdvp332EUSjeRcRRAtWV,69120
X2TMqg52bKeV8of8cBNcm3N865nbeYL5ZWwDuCL4Mx1tH1r,248688
Y4CYZFwwA3L4oj1KvVrtgFWY5Y3n23n8m2aqGE2gDUuBhob,22752
Wg5CZZVgXMSWv4FzdgXbdpv4ccrLi7MqnDfDdHfUTMCvv9U,243360
ZYiuRYhQ7EMJJWTR4HHEKShfV8Vqfcu9geyfFcjtdcFbVyD,64978.2
Xwemyuf7AK1uzwwvF2X2aqF1dkpgyBhEfnQyyQtNG5rjsnB,10944
YtLULeuaDm8pz32fkP9gtzHUxK6igcjUwexK2J2iChtcZEy,35424
WDHVVSp5cNPw6Lus13T1MeTCrSaXv4uxa1KzMjQgTQvLwKL,61200
XeUijnZPfKwYL8wLmmTogt3KvabxeGP1Afw9W8wTkQttpz8,22607.091
Wy6P32e41UWXu2YVTUHL42TCJkPaa7YZmfn62KPvdTF5Qz9,23330.403
aHPd6oAr3g3ck1dTjushQK7ZeuC5UunUBF3NnWUPkuV7J6V,14320.8
Y1ZxQNXwLChnDKDHVzGzkJeo5pCqhi9Ptuj1g8tkpHsBogr,11520
bbb54pAtrHHTLF94Pk1CzygkpSQf6ch3CiGPDmZFHgCjiuV,44352
Xbqnty3dFnrn5TqkSShZjuN9sKAae6gqtpi81Hyknnn5tZT,53650.224
ZoFGEbdiw31e9cdtcJUYKHEn5fHPxwZKRADY8M5CPxegULe,11087.991
WLLv4AEebhanzRJt2oj7NdvYPwnLJTEdTxkLXL4wUPVNKqp,23040
WkPeSqMz1BcqQoyVbZNwLY58JNmwtybZKVrdWHGProN9kJr,119808
ZLZcXjYj2FjNFu3SfQ18KYN3xAHCH6zZzeJKLJL7Nst1xmg,91396.8
ZM7g3mJNAdEP6etmweiYg3naf3vi5Jw5pxaG3vVz39PBNyt,1536.426
Y4qvKB3dEUXY449UGoN45wzkuuNBdn6jpf2vsp5xDxrhLdy,22176
WsMcUgASfeneP9mMjoGVcFj4fdjpHSpWGYeD4jWHngkhZX1,16368.219
XjerrB5tv2MRvihvkffkgPuGRqFrrxhXuYBvgNemSq2pZSZ,602472.96
XZLvhVEq2PiN8DtbUCJV11fEBf3MNZTKvSo9trHSmXfAVkt,20124
ayVxP1ZzSikbt1CbvjWK3xhE9mC7STFjkV1kfdPPaAzwmus,21600
WukNwXNWDAUBV4iqYMj85R3xX28C14t4sXqSdPbXs7BvtBd,61585.92
YuWy9gMKupdbnG6zvWNWkmqcb4hpma9uw2m3EJaXj2dnndG,1360.8
bYapbGs35ab4JciE1RD21C1He1wDzEaJ7dbfGPQNETjadjD,1202.4
aaSYp5p4ftzxH7BAaFFdZ8fdbUUkJAdYgVu5qaycGhjAbs7,25421.76
YoE4KfgtHnKFbP2NSKwcDAUpNgVXAfp8eTaSE1UezHcr7oK,5736.96
XdgqaFC4XMy5b615fUy3EgPifPGVaL3ikosHzXEhaP7soEB,16027.2
WVo9v8coEn1GZTN3CC4GfJon6AzqdtomJ7AQ3ybXbxxWf3K,134064
aqUPcEnQ2jAsjFtmkowKkBn75aTocJHJETUz5j7iQziXdMU,21322.08
YZyyfKhWTbr6YFaZzqPuYhYPdrd7jNYmfm5nCZ2bArQNGJo,41542.2
Yq8HKGzQYYuKGEbxu2J8EkYtFog7Fhi3hYHLsSQQzfa8BgB,22994.919
Zu258nZHrECxEcNJrimceh3na3xVtNAQgsLXr5icqpaR8Kj,22499.316
a58Nwh23sJfR6o9NZoXaiVai7bB39BhehUfNcwdgNFPeNMV,208800
a911EDrYsAkh8eXKh1RDQ3LS2BvHv8tcGYgo2VZ2GbApgpJ,20725.011
b9965q6zZPzbnKjfsmAHXDuAdMXDy29Ev1XjpPbfSA2dz6H,45899.991
W7nKjD6ARvNtq5CrddgGgX2H7sAisfkQncbGQ1Rateg66NZ,69961.068
aWUBvNSt1fpn3XeRRkyy9nViQxhSWKncQke4AaSRWUCTKkp,15523.2
Xvcdws8vuzGKKEdC15UVc7zKbbzDmWZnHJW5kLqKbPCgH4z,25009.92
YjwJcoJ6x1sHsFHndBtuL2QqKUKq9pvykpZjA6G3Fyn5ENy,15321.591
XGtp4nThBA5nqtr4T4hohff8CvdHLDHbE44Td5NEMUTqocS,9158.4
aDNoCsgLbRJVBqxZUFWEi4pnKJuq1VgV6Fm5WgJRk7ASrAV,23616
Z1Zeox6DqUkXspujybBtPY1X39xec8QS8FPo6pxKXSb37X2,24624
Zb86QQJTJ6hXCwx3rj9SWASMCaRyuWm7XnYYwb8X9u3oSbB,41428.791
XVtWBvGAQQ1ryTiaUjMioZjBTkNmz8zkcQEZ6sNT6ErEFRv,56448
XBD6pyyAF1Tr5YvUc7kdHRcxeRdxYZpqrfNvLnD1HJ8vzNH,192528
ZgcGifdSxjALodtzhoArLVZQWmjTpSTmRgUNPZGcgDH3CyM,34184.691
W6miN5jkY47Xfyy6Z3PiuDgjdFytWVUCgYczA5Quw7tqVVJ,712.8
ZvLQTWFQ9uXaTnVM3dAGAdxwebQ7waw5zsqSHbgBE9VE8xB,53568
XxfgCAmr294sGjmuwuaRJ1SmgUNHrUEdiWeEqYXFFCGBWab,92160
WfnB96xvsYgKR7EgSQK7iqaA29GkXGaMxrfuQx2woZp5GVT,146534.4
YPegsufJVMrAxMPmgxUSYRqRgppjwQeTUZ7nrtHigQdRjdU,1109.151
bePCaNT1VeVg5H7J5GQSrh9qipm27JkQE824CvMzTDuGyaE,1100735.991
Yfw7yUfZcnBb83NH7NNhoSwVtsBTEZ1WUGMvXu12YPtZ3xx,68256
ZUnsj1evbF9DLhhkP5mFNAUkaeht8WHbfjHR8XzHDxjbh9U,19126.08
XyTREp1r7kUp9UnbZTKPqFERL43ZKZs5rw6uWCZC6ctF95Q,1008
Ym7k1hWndoUYGrZ1f2ezACD7Urn3SeCbNYQig5eR8F5QTPA,27288
ZGZuUL8nAFVVTkwKkbcCYuePimw5M3reUnvPFJAgxKLSksP,2304000
XEEiAduiYpBu6VRE8zodwabDN4iLT7RHEG2iQLwGt8Qxg4n,7166880
Xykn5SUXQgBKteg5zTUeBkiBdmBdcfKFGvCCXerjy36B4og,13420.8
aLLfA4jaQuhuCJyPPGs2pgbUmsD3PvK1QULB8pKs4eG85Wn,6292.8
YfoeeaYeoZSR8Td1pzs9dYk5y3yvirwtZJHeQh7PFFNSkxi,1417.32
XYt9e3JuCE88p8V6aZh12xBM2gknuYfpgj8tPQzyNoLWUv4,1419.894
WTgKwXX3vAKbPSQ8qaukRW2tGCh3Pux3yJ1agjLzd5Xdutm,5580
ZjuNscgkxPXKYARmLHY7AaD2KjapYKtNTtSgRHJbu66SDQx,12418.56
Zn2zr9fzVEegsV5fSaaKvVw3QRKXw8RZN9JxDzDKs5HBrCR,22752
b23qWjyRciLgMyUce82UTQA9XQg388hbBbkpc54BArZHrYW,24958.08
bYujryt1mmF1e7c8Wo5HRo6FJRX5mgVCcb2ixmJc3uGfEuo,14432.013
W7EHUPmC1QkPeHuFhV5EEccDjEPQhgPwE59D4PH83VKayf4,214812
ZF9K7K1Bz6UubFAk3R77h4jFhugEDXdaAtfSrTkVuU6fGMJ,230212.8
aWi3oFHirrKfqfbQJTmUnGFWcJZEH7e4gbK3FHG9h3B8G4t,13028.976
WogtQ2hb2CGMkfDhacxAjgXEZzrA4k11JFErhavTHjeohBC,23040
bMKxY21L4bd6YY14td6YZJhV6anKtv65P8jKWChhYhwL7y3,289733.76
WGPYwmcvnvSQUsLxJkUFENSvkA5bi5EMVk5gaz7ACiSSPrp,220320
bMDWrxBWAZc36YaPSEUJiVWdoLvuDsbLtSu8BqWibZBwd9h,24335.901
WhfikQpSf896GPuGFGKUL1guAZbbPM9mq9x9S39NCjTgbME,27936
ZxLMsPbg5gcKad7sYgRgKpPsCxfJ2azSHGoTpo81vaVjpn7,246240
YxPZfzY2jC2pwQeQh7xjtPeDiPV88DcKiXvhyVWQdzZj6MV,56476.8
YR1KJGVy8AVzfim2RBgCuRsx7fRkKaD1A97NpvWQQnG5qGV,22608
b4RuFhd5XEeYanB9qF59qAvX1HRizHGWmHRMb6P3CwHbYhG,2502.72
W4oyzgGFDJ1JenHzVwGShriVm6WZpK7nEeguNwq3weRMDV6,30424.32
ZrLKCVMgy5CiELQnobF9vpnMRoEfAtny652BEBDLeGs1nGB,181555.2
WUdPh5yAyWrnvpN3wAuP5oj14aUFL1LzDFBSD6Knh5PmiSJ,4190.4
ah7kYLg1PWfCeAhNGRRHSS1BYBqP2LVRidwaHk8ToZku8aA,26092.8
atPEd7zVTFjhdTy2rFV5UBab4du2gJJnyjbKHM4nqSMkywi,24494.4
b88g2TyD3Fm4STv5iW2J4TpkiwJyQQFEUm4GnFhPU1jKcPa,46568.448
WHeZ1thxmgR2MfTS2BGDEwFeNTSmQQXoppgGhcfsiqhSKgV,23362.56
YjydzddBDRmX9eBw642ZhL8JX1C959c4sLCxQZy93BE9dCe,13743.063
XEk229fwSZHuiEUL7g3sL2vPMG3V4VPRUH5UzPRyhBcQkQz,25266.24
Z1aSJcrKsYKUttC2zm5rkoCJv6pnMUGFbHwyYDP6r5Hq2Vi,20088
Zv9L4mmBufozHevKEprj8CEXUYtgk9KjYnXve6ZWrKsuo3s,262800
a4QLYPE2Den3sZCNAnw1BPBkZZB5xTXhaYS2X7X3eiXN6wc,250272
Xmvf8g1xX9CyGbHbwyLi8NknWQw7BZYFw8rXCDfTnt6AcFD,64471.68
aeiTbpZvYwsDU8m1QhwPH7u3fHQEmtmRYY3iBJVTMJECzJU,22795.407
Zxx1UoARMYnbL22zqVdWQvbCmEhK2YRcLpNopXKDv1szx9Z,123096.96
YFnELL2iRjcctk5qvgcQXeX3sUU8EBZGShN5jo8tEsWTiKw,50688
Xzvnbo7QSih2QhKrX9pMutCHXHL1MAbrBrwyvAzkuXLpGwd,7561.098
YAy6jDAKgBEfwL9cYfjJG7a7oSLrRTZ4oBZzaNZnXg2LM3P,32903.811
XyEr1sCrSx2vbBF2NRzhDub6res9eohTbN4HjJec6hTz3YP,2355840
b1KLRvSWyExkbDY4P69At4b6tm1qCHdfkgb8vNtmzvUiquM,16128
ZK9yBPDwogaJU9SXed9EwHEs2NdT2D5eiudtLtp9tGwhcPh,70848
b3AAiA1cVvafPx6jT6MUDPWvcVLHGpqm3o2TNbLNQAbRdUt,56448
XPGr1JzPMcayJj7BXra27NFrtJHgpNsQd8PmV6c4pp9qpr9,233280
bJLf5bNqT1ujWYWqNfz6njaTDebZQ7S6T2K4BfefPrYNnS9,13394.7
YZutc6Jt5kikSv9rzosjixZziYpgwXjhrrADTRJv2GwSmMm,279360
bE7fbBgYbNub2KShg3sL3zGNrhU9dyBFDCgcDsK6aS5RJwP,91584
WjntKkD53VfXGQcdNpgzMvMQNPyuqYjtC4bJT7nX27ArGLD,12513.6
aar1tpqxPJ9GwJPG9MDa6qiKuQSrywEhKogRw4fMuLNedsp,38551.68
Za6roGkVvX8P8fyX8r2mN7N7HTvbYtySjkp4dsebkTsFEMJ,84240
aygpLpuPcKJSx1t3yMoWpMg3fHS3Hp6eVEKyjN8LQKG287z,267494.4
Vy6xk4BaJhDGbDbB2zcwoeVPB9gXmzvHzyycNHaBKpYM7Kv,3682.701
WK3nTQHwMtJQaWzazjK3E1roJPCzgXzaKpwg7wCg1cm83gB,58521.6
aVN1Zmdgov2EBBf2XFPSfEQHUjGqafcXosDQFV2gJto9WaM,7776
bSCWPGVYmsRvc8gubBG1KptNBgZ1YtbACTpmJsujZpScFWo,223200
XgNvBfWu5LvLiU3TSjQx9wfFS3SMWMVwoJ7E4KpXm3N6pEV,2433.501
YWditAguDdSVGpQcLd4u1Zgi7bJkZyfXQMy175ZE12MgY2j,575762.4
ZLG9QatqtCKGJMLkpLhFJBCPbEixHxTuBBhkaV9Z5iqAvva,24362.64
bgvNvyfFd8Mf7zjkuM7J6FMvTnpw4qRhS23xncKWtm3U4VL,240480
ak22d12F8Jzgma9KjRqahEHfyZ7qh4NZzELbrpzdzDcT8Th,962042.4
bZfiK8XJ8FDGbKAJkr36bKd1jzLAMiLYuWGut7njkZw5T5s,355025.88
VyFtmY5pBQyp4gNdMvQsnQGePY1xdpHWqzRq2nE2wHhP2m9,24480
ZTS65dEfGCAG2ki6BZzhENgYKUXYtkhzzzb2LJBaHhmtQGD,68256
aY2KpL9JhxjjwZR3iiwyb6SrUnWZi6cWGv1LXErz7w2cZmR,5472
bLwYgdrKEhgvGKg1m11jBJ8MJXuyaSpadeT2cDkiLWVc3ri,33408
b6v71s8gq9JmKf9hGdymtSCr97X8j1WAFqpsTHTnSuU7Bkh,37288.8
aHp5qM59jvFEQCwxt1XK7k4isJ99dF3CbmyzVYucp8t47YB,23904
aBBd7njvq5ydqMSiQCBkcwGgQ2SkjQQ8gXN1KFC9TKkF2oR,27503.991
Z8fQKoJinLjuy69x7C94KFfG1Y9PE7TCh2EEQidW85xvfiN,61171.2
XnJnbR4Qt5ciuaGu37kmh2iE3zz5qdku2dpdhCWzYDiTc3H,26281.728
ZctY1WdRuiQCPF61wU53sbzvyG88sDtPn3N7yW3UZAWypDq,1912.32
aXcV2G8mz5B1WuEgTpLHqvjjEzxnSDPYCdUdSe358Vn7J91,23572.8
YeeVrNzwRt3RMFYiHVE4hAJP9PbhfYMHit4A7FKTbJLFLtd,37324.8
Xh7izKHLRtJx74AD75tvxeLpkEYytKWARkV2EAXsmiix2Gx,20880
bYHBmRXGRsYXkJqe99ACCiHAkt3UJSeJhNUFUE8BPxdinT2,2361.591
Xzmaw946cpZ2jf6ZL3mtYk6RNivtzsYB3UBkX67riwWzqK6,54990.621
YmLZNh3h8EsiRcLWadKa4VxmbLQevFD6xBc6nGa4zzHrjCV,6566.391
YQDy4bckaBVVF6u2mV8ybEVu1tkPAoeEWZiJaunDRQLkUt5,6566.4
XRcNQexXjN4pY3yxMB3dBdqMgPNiy3Yv6kg8jrpRtrmBrDm,22896
Xfsv2PpvifgJP11H7Bz6mspuoingj89fYHY7hBWjXX3zwwu,50515.884
XdnijWsWntkkcvunxGTwGpgS6VkTNk9euPooDiVRdEcbLrp,28553.472
bAx4SZRBcdxmecFL7x8nvHDDc6sWF8bJ8pHRqV5doPrW86v,121791.6
YChemSBWbSWJeCysUB1h5uU39CMpur5p2q7BRyiGgtoD6ya,49056.768
X19PhpVokKrqbBasgYSk9hPVdrcDwGeRSyX5s5EaK7SnjG1,77850.09
WJm5Pmx76o5UQpce7wiDJs5CDEqvNvu72tGWeiTW2FSkAAE,693100.8
Z3h7bmPwqZHEcxyqYi4y3Vxg1SfVZgmfm71pVyJHYhXsjeM,4384.8
Zrcb4uHScyXxajCkeXXQvuVLv2QT6YcD6io1Md5wALuyFQb,228502.08
ZNH5hwCpUmgKZ276cf2U1pvTvMt83Sg1UWh1hdmsLq6LmxL,226088.541
ZQs7yMgs2mKvtAJobtwegW92hHgocfWXTmfJZkxnDbJXmjx,48672
YUDN2cehSXwaJvSCanSbmd4mQT8j1Yr4aBP99eSh9ivQoU7,6924.24
XuojXMio4kV2Tz7EhVrMKEXgNDGTaR7848LK1vfLfHzAtGE,11664
WoYqMnRGGfUjHU22q7scR3ZFAPZXiCQTTsK4M7omU8W49jp,28656
ZkLpWaAMe9CHtv7iHCWujvQfVaVnrs1aFCvF66MMZZof3HP,22330.8
XvDiyaPvBFgyH9rQKd1RsBuA9zDFTqWzBxjXSYU1wuAB6Gf,42033.6
Xq3P3NDqPTH5JSgu49trkeHLZHjiYmwUZ9X51sdZA1fAXqS,16027.2
XY5AhL4dXcHXkk1CVQveYzBVKofyPkDxv7k1KAQo8K5ntwC,6716.961
YLgHfn6BEoa6g7TiHkXgeyEnipVcGzUDCgdqHKbM4fcp77y,1087.2
ZKokNxdfsUMFCbn2HFcRVeTcXw3wfboUUQYbLTR8eA89HSB,68256
ZoLuuAsAoESEmjN57f88VH3btgbYRu1tKjyf7rmNZZwdcLS,28226.88
Yjd5pAWnXCh6D1n1MibKqb47j5TsZ2iqWsR4p2GD8PwDVJd,23040
aZZjnLTRpe2tme9P59CD1Py2jeJVNyDwujSXntMTobR53bZ,68256
ZrDkQutXvS8QCiAs9x3aKuFAy3iBWiVMHGsoNzhVpj2ipU8,10092.951
YuTu74SvYz1yBgg4WkfqRTygdCtum5qPLwdwjNMGgDaLA9E,14166
atZSLBj1HTv3fsoiCszqyi6s5XLjfjn5LjBuJRSKbaqeL3B,22320
a6KuBVhDBrfc1AMr29w8ZPV8PpPLy9kYK3VS3BQwZoSFXZP,24768
bcVBZtj1ap6kuhR3tGZq5zCVj11BAv2yqGvNqPiHb2bvvAQ,656.631
X4MuLNXeWkbWTaaZspFXJeoVpBvFQpAZjyfqtfGyMKKe2mK,96691.68
Yk3JZfFd5UbuEPmu3E8o5MQLRiad1k56y34hkQRAjzMwKs7,65889.792
Zf13u49Wdj9wc3f3RStPKQrto4EAaq1BjPPZwDAPTg14T99,22608
ZvbuoxfojTKW8Q7SCLXicwY5LQZYh9w2LFgP5dULTW43a3T,113040
aESc1B5va9Tab2k6Ss5a5ARhz56AXAqwCKLUZL3uWZfdrmV,44640
WJqZt7BMeUMA2EQjdBvqsNCmNj3LTmNrU3eU8k16iwrXar8,33278.4
Wd6hJQDDStScTBCpcgWexnUDLaR2KjoUrduisBUaMS1x5HJ,354240
aahtcz5enQXYdwaMkt2QAtGspJxWWZdbM9NVoNCN4tAGkGh,1257.984
YmgFL3tB3EwWRXas6iRP4fphy2wGdLUZ4H9EkaiaG3P5EQj,2563.2
aorA7yEEd3zy7r6ur6xVcgNTPZ38kcRWkdpKMEpjRzBiQGZ,136512
WZ9XsKaK68tRYpCFo6oeXvYq5asSRGgQwkPhgm8i3wUVF2b,5848.56
aw2tFguTErjyADVVpZPUQQnon9Rxb511TvxE2H9Qja3JhGn,1608.336
aUS43CERjMAppmpZqGEgR4NYtDC4jBB9Ry5AE7dvNj48ckZ,23112
Y9wDGyAMUWsbCZZPgEH9DddNhtUYdhMwm9dF23iWNUy9Rrw,30100.941
X4RSYz3wxdxFDhyfCewopwDTgoQ7VsAi763VJPnvU4R5Xqm,5948.64
Wtb6gjq4CcfCbiwdKgQr4X5M8xpJspAbbiLQLVgkxNrsBTp,104976
YjKscJefyxcfVuUd2NvtfCuquVgx5TfneJVgvnZUbAKTcgf,272159.991
WeZMr5H9X8rAPtdr1vJ6zqZiygtNZAhyQX26qtk4ap9AEeB,24768
b2WxrzdvGudPW1ZZj1dc9DucYrHrcWXhQ2b8PgFQYG7wEf2,3352292.991
a5v6HeTSFuwhffgEXTX2hoKDuTV2VDCJr8QFxfrbwfmqqDR,6410.88
WF2w1cS86d543VCdJqXvz3w5AEn5WipLMoUemxtH8zAFKzU,18221.76
aaWoyiJ5XLzDx2Fmi5nAj1qWSPUfzTpa762CjXL3UZ3R6DM,120240
Y7UHpYkZqL9G9DhvQFoxSuippxyqFjv87ZnmQNYQHVg1TvN,336960
ZXtmQxpkkuRT6RysiY9n8zPxVWEKyuykvxTK3NySt5fqxAT,193233.6
XmhyZpFrFfJKSKJ43X33pnpQVYSYKAtRVBQ8rjr7zuhPaBv,10828.8
bZRKUWmt6tXZqaoCfG18hX5Rau797awKzxpPG6nxtGs7VDL,23040
WzSLdHD8L18eLVZyHX3VfoTipNrYArCcSBPtiMHBkfm3ZpR,12095.28
XPU2hP6vYtDwgZa6Rtv2oiiGE1x5NdJRxH3Ue6uQjKdhhfk,22608
WCRZp1KiuG41akRZzRFo86fXFaSngWhbm8bthiddqPNbcwX,5286.771
YFuGCGgRNZkCcmgq4rQoy1Z8VNkPAsFovZRVb5J8bAvMZGm,4101.12
a9NMkUoFYMCN5tvUYCinVQ1XDWcSuwMiYF32rTVWMCnc7hA,74280.348
ZSU3BV8XvkeD17sua1yQh3eTzqa46wY5WojJJeTdBHfM89t,150333.471
bVbgi1MkiG6QMQDTV459hLVp4VBN5bQkX7DrX8gHXjVRyVM,29122.56
Wm3trNeHhoAq8X59Cv9NNNCeCK9wLWkNbnAp8TUA2q3SNm7,2361.6
WugXmm7phfsXpBdKr3pcnV7GzHwA4RHEy2LFLwkCZ6KbFzX,44928
Z1LiAR3sSWg1VV5CxdtqKVczFfmZegRCRHw4MzRVuLMnkrv,21022.191
Zmv9Cvt3MoVehRmhFm1HkX7qQ6zjyQAGRaZKs2q8KH2AwKT,115853.76
YSqrGMNvR9V3ZXXRMaV6rEN3kTooABNVrPvM41cG7pyYsYi,64978.461
YBwLKwRqdKt8AunAjhETYVB2RrYSJFYmDfwLQqXoASiC3AV,22296.96
Y4EKjGHbSPdL6VrSzDSQ6DdUjg4BDVG7diJYWHBKF2tHXH1,30150.495
ZSVVEsCzdPxpGdsFRGKxzcNRZehapiJzfrX3Wpsv1y3Mz6e,22464
YCeabBjVhBivRuuoQsv9fARKcfeg5WssLTZjQn2v81Tihzk,23328
ZmGSz6ALMnUitNNDopqZKb4bQoa6sNGfF1EECTLC46VUY6j,17830.08
abqXaR7wTjychNdRxZe8R3LJjvvgmeLgcyT6yQ7bM5uD34e,92769.012
YKb9eSX82Ht7Q28ukBcMesAF4NEuXUAenFKFdJ8UoQiB8gB,110073.6
aTsG8rkYQRP8NhbYy6zfQfMHEZAxsHoraQny9K1pyGiZEyV,2995.2
Zg6q2efsEhSUV64cQLiW7nUCVxHHkkreYTJiagdFsAFS7ZZ,53856
Xitvi61Hb4FMDnd5wcZ1fcKL8LYGMVzHUGvhotwx3kSciZ5,32011.2
Z9Hze4Ti3s9MqydmSepYV7XD8DREr6Bm6j1e72goCVAPsWp,9832.32
ZdX8NVj9KCCq3FXWVN461vFJAHWfc9h3oQwwcQe4DkcwusN,6739.2
W7ujafk2ZZscQEp7ye9YDBbiLeGStXgVxJ9t1PSnJnU2r8n,43228.791
auxQ6PpAdZMHJXwQVMGBZpUHFL3XRwNUo6iV4B6pA4WeVpe,68688
WAKtxzc9VcgPjhrc2t6MTLs97m3MZGHiCMgdx7ijR5tZZRF,22896
ZcUuRkJDcBjaAKR9Gfcc3JJg1ibfGdjTEceFz1vcdVhcJAr,117464.481
Xn2NWkX9QziJKqiVfjGULs2qMPvAnsdaZ96jTwAdAcPnHRu,543503.52
WE9NAYrHqyq5cQ39uXgYq91KRMVq9J9e6rMDxZ9QBZZHN39,1216313.28
WMVJiKs6uz1UJ1eqhh9aLfvsgZnVm4PuEH57cWRCKBuVrfC,39312
Z9PheLGKv1ETpKsZLj6MhsubqvZ7JLfjrsx21XpxmiKaZa1,3299040
YnfHGRqmNuDE8d3bbbcE3TD399ZdNvY3JGJkRKtjwTxuAvA,3004.128
bXxUkGCJByfKS74rnJPusUj4n345Bya4sYLB3bYoaZBmByD,3163.68
aqXnXDafv5Rn8dsBoT5iDjHPNWpxCnnxtoXpsq22ibhHNDW,7387.2
bWUV4iVCCiVF8wnMqQcCsAmbM5oWgm6LUiUxvyZHu9iBjCu,6998.391
YAhaF47ejwdeszEDsdRXn2aStPqBzmr4L7xXW3s9QhRuKbP,23616
XWSqHpLibu7ppqYmTdXhee78fPJEFXGn8ZmUtb4mP6hPzbG,28224
Y6Rn46p1sUNGUKPZ1XYGkNfXRFyMPMPBoeTusUX26Ft5F8X,904320
ZG7yjDNwqnswk4TAEX55XrDgzTAAfaWeniRVxqDQeKY5RUd,4723.2
WHtaP4HK3uwxrusM6MeGD9iaQAiKPwBu32RnusTYX5t23kF,115236
Y7RtHBADhory172K14DSKDh7B2wAmJbpaJUTmzJLWXUVBiv,31726.08
WbCJo2n458CjeUanSrHHXXYqSqz5Uqm36qp1E34qMfo4VGh,22896
X6LogB1AXZZq34B1uc1xaiDZh8R6QzqphH4r6YyG3vsBH8r,121305.6
WL51u9MzvcAQGckhNFHrpoYU8PNiRWDAr5LP8nC192beB1M,27936
ZhqC3QxEMqb7FYiyFQeY43v2X9G9zj5JZgLNpmHpVkHk7Lb,22608
ZW37z67XKvkWLwtbHrmStJe63bSfjxPJBKHvJE2jUqZC6XS,20880
X8yqC6cmKAPonK4GPQuBqDVnQdeU474kSwAoNEbvZFYBUT7,150120
bafdsk7F68jhiAtHpPr2ToGqKF9PvR34DVEiS3kRPHipUmi,140400
amPDLsev3j3zrhEchkjSrCUu4uXH88eiprJCCzyVXFVxNmQ,39560.4
WX8dZceNq9Aj2qpbsp2gPUTLgaLVuzueoW6ord7ya3HWbwu,26496
ZdYKBL4tbDex2cACc2XNXHiW4jVPxbDmjk8FgS2HdRPhDDB,21924
bLhgA7aQoy3GgSU92rPoWXWCeM7ahJhpoaq44Vg6d1my9Pn,7344000
bADERY3QdiJpJCkqQBViNPvwmAWaowHNQq3oiMaKWTLD9Br,25343.991
W6kerncqhsMcKUKXsNgRtZVWDLVC6JwAtXPKsH5JLFSKLjU,114480
YE1iWqFLq9boreHCg4qKnkf111n7ACdQuDJi3eDCaUbLkw1,25050.51
a2MFGEb6wq7d5e37GrzJGd6GsreRGNkBYMbq1u1u1kr5bvq,19206
agPAXXxRurfnLkT5cMnkCmYinbZX4amb8oktMH2E9fkBTC5,31464
Zf61L53h1e1kWTE5cFHw4BXgTX6ofjxkGK93jmLQEG2KXDb,46656
aqhw31T6XtdWZJ6Tosn36N7JW7pNsAUSvizJjSsBPL6azLh,23150.781
ZNYG8fn9YmeNJFqybmztLdfLoWQVo1ZTFFxAU4tag9KqJYS,12208.32
XC9DumXTZbMNzUCkCbzGwkWTwFQybn4MK6RxD9rWHuAmANU,3391.2
aiK4jGzftxoHf6w4UNsK8EY3uToy6Z4W5sS8oKpJAP8Jgtk,93888
b5JJT3x84C7dVH33L9PVuWsfqTCH7c5VzjCRBgxqRYrV4Bj,357210
YQWzDEE1PvcXvXF5yaVkmacNPfWGYdsYZYvDUU351cYTqYQ,6371.163
Wj6tmSd6NThf1qUVX2S824okYajunL1XeCrUYoELWFscnSe,181047.627
YLLpfhd6ar8q5aGbUeHekqechWmvS4LNkLBbhE2MgsE3YgX,53856
W3H4hSmVN83puJGWaxGdk9xRXd5YvdgR5c9W5vAYQPh2Ufp,21045.6
XP7CJ5F5anao6Jo1FgiPLxNhZDtrqtGGnhSp2JaKFMCH8dZ,25250.4
bCVKXw81xWTGj9oFvwcaUxyftvQA3Dc2pxh5xNkUGz6WZFb,39072.294
WpcZSPksafGoERhBofStARB9WM8r85Fsaqab2QUY3hq2ftE,23868
XYPRcsgnZuGNc3KSfAvAA4w2cP7fxmUtS169GyNnBFFs591,9043.2
Wre1Bh2ReqmxsGyXiQusDv6pHX4mpzeY7f4KZXfeKPtUw9x,9424.8
ZjysYYfNudKX3WSRXZvwzbxUVkdcxxDBD2ukrU1unzeiKjo,5832
b6nDJGWmiQJ96itSUWiLZqg1a7Fst1bfRdEAwxQJFjUA76E,25682.4
W3Feyz9a4wPMUx9RAMbpJ8T59bmiFrPcwpyUyQRa5NTcsv5,15471.36
Yd7FYkMJsKvfXuHWxXUWGc3TqVP8b8zDWufXzh26PsUXChj,115200
W7yacJz2FxyBL5n3tMKUFB96EsbRmfApHACM1Qu8MU5Cr57,33173.991
ZMmD5G3UcN4GR926mMUHaVtUe393kmyuYngL1Uk9GpcEazh,12302.001
aHXszyVydHLR1e7DvDxvHombVaWzr6ydrB8knMcg6tZE9Sh,116639.991
bG3MUFzeWQB6hhf6oaZ3JYVk2tNRD5WcKNooJPARaW1qGhL,4320
bXve7sUZu2MFSbAfiWbVFRyLd6ghdQ9HFpkkRk7d1j6nWkt,2246.4
Z1H3THAoGD3KYwP4yhdZv8ycsCMkWY1feWsTM8HdUBEFMrX,186163.2
bCXCHzSW25Fp2AiWUvvMKenyvRb2eYup3mJQNdDz4TZw7qc,114508.8
ZBJfzY2LycT8pJ2NPKtHRd7npacGBz3FMed5qwVbqyKB2sM,787.734
a6iqXDaNG8kw5p8DEArq9ZaogDaeRpxHKpHpBiuvgNKYYiD,3265.92
bGyB6i1h1RYBkTPS7VuVapKZqFxmURnqWAU1tec6n5KNBnY,24047.991
aD55sDisCCE2EvjHjCeacqZFe32kFowGNohayTGWUfUNWA9,67392
ar5Vev7cvrPsBcfA47Urf59nwQNuqy7S82kBStUur6fFaCp,4320
YGzQrMv3Ld4F6g9JkMu8hWyumNs7UT9eTCLLPM6JMeNwMr9,23328
WXX2EXssubfm61YvxKhHmtpfibDkoLmKZJgMJjcnSYXz3Cw,54720
aMSHEfPCVULqZQpE3oN8yPEkgTg4tfSRQe5GRZ1r8KVnofX,181565.901
YZwVcwKYXp86tzASGpFuhsXyAkRwj3W3tPowzFP5xuvNQdt,25362
WiJ69Y5fbcBD4q8ZAmnJudVckd6w36To9JNaj7LL9V1M85W,46656
Yn8BBjcK5JHuxKnyHfaVwanUXeeBJGpvgSisxinnrrLVcC5,2692.8
XXRvTnJEiWNv35Gio2umfBMiXCAMv3FVEeThM5E6W6rjmhe,6763.41
XZCdLm9wEMc2Z9wFcavo482Sx9443BQFsBo5VthTDPy79jN,20448
bMi1hNtB7euCNNbvrvtLQWJxTHUuSPrzpnFw76pkhGU7JZU,46080
bVedCsXzeDdisPBg1nHCiEfwZDb6pFJNA1PMBCd5yUfuVuY,145965.6
Yu4uDtFZCL1bs73hazqCFE6AGAcK1BjkfaUyMtUU2zAiibe,13252.851
ZtJiLLmSfodJJ7t5kJpKDw7M77HWdoxEiVVekxKwa6g5Nnd,67824
bFusgtNbYkUcxcCnwc6xfAZ183No6E2yPcDULD1fuUYrv7f,196560
Y9wtSTeZTUyugn8rDy7zsVAznrsKmYpP4DUR68FQS5KnvxV,23425.92
Z3ZMtrc5px2JatQcZ3mWnQoQzZjGhDDTCt545wecGa1HWaq,18538.56
XtQ5coX83j4mB9z2Vb8wY6AnqvXfjeJ8RQT5wY4iTGUQgmk,944640
abQ64Ywp5PTLYFRX1R6KvFbkQUnYQ5QpqN3ae93g2VBFysj,24624
Yg55WrS45m3zDhKELarWsViPvL5EU3UXVLsH9rjMH5Bv18P,29664
aEhmQr8LUQAEucksX5UDHQL5Zt4erw5QKRaa7vh5cKQKVD4,165381.12
XRxyaVg4WUmYx8eKsqdanU6GEdkpSJbns827p3J9KdVkD4r,2159.901
bVKLdDx8AFCp3gASsiSA3yToC5bHYgfNzYqRqm6bTHYppNm,3067.191
ZijuJXRGr2Gd4X9rWz8vdFJL53Xom68BLH1ssUSJbne6YXj,24048
ZQsK4YagN9eL4h9KFwcMTNumFr3pBMvuvWKG4U3KGCMHn8U,46080
bW48B12jDoZAojigBW1iRuZfR4dARxdxGzb32VeCYj3Z3as,1108799.991
aVjVRt7M8zdqLfvULEQ4Jm5XWSDLLX576UC5SNnZhGwzT3n,49593.591
ZPvx94fTGBo8bR3vpahLxsf4SHuMV5VBNviCyhSZzhLV99u,24768
biUa62JSc44RXBnZ7BrVQsjqmtryq3uYnxa3XH79SVzzmZg,83397.6
WcX4aSpWu1Vvd5nzywFpT7uyh2Cz7nq3Up2DD4Yf4NsncD3,233928
aYX2hhLVZcF3CxUTpcaWnkAnFVLwBTDGFTSdrvXy84axsrN,33831.351
WwWms6o223s7hCNA2cYeyk1BpPvVzs4CKMLRnSh6sKq1NAn,2304
ZNzwY3pGN3WXbKrKNs24zby922BBve9Yoc58XWSQejMDner,68256
Ye5SKP9A1RcgDtcowRLc6mW8Y8fbuhJPsohCTf8Gppb5jvw,21744
W5bGvaWg5TbEJR7UM3ZmkrCwQYPLPGtiAPXahGyo2ki5yoN,139680
X6pdPiuQuwx9fHx4CmPZHSHBiA9LCF7oPtcdmDcJ4hCZcg9,452160
Wmzu2XsYmu7BpFUXpcR8ZSSELM3GUKvikCdZx2GF2EqGPcb,23328
Y5xqNt1781NHM4REzSmWbmt7DrSM1bqBWPcYtFdfknJANsF,23472
aZNhUroGQeSZgT5VCBaZ13P47w2iUZCTVaC4pHgWKreDguq,407959.2
XSWhV8uMEdsRA8kDoDE7Cv3kZzUrrTzTnHPDk1P8z6tJTK4,135647.991
XUvhLNykwwf6uw8YWDTWCr17EJVAtf2ADxpDtr77YEszrj2,4757.76
W1fUYqfGoqPyXxPYaCiu7s1aJgTEuEqPBTvLPb9koUGnZEh,67543.2
ZqFyCtAuP9yGuzTtRkv9wfYbx1y4MSPXLVzfCDsPs5gnSkh,3196372.05
aFpbiTnNKsbpL9MrWaivSowTgZpaRJn6cvGLPoTbrDGrzZa,10512
ZZMPcvfvSMcobAPsnSgp9JLLTE3MjWJLv9D6bp5dzpNhXdS,47808
YmX6dS5XvP3rzmxEwR1jk7B25DqcDGRshPskG5GMksnsVNV,45319.68
XKuweczz39gJnxawnNwkr14h9uymmPd9tEXjZyHtSESQqHQ,23040
YT1GVksRT8paEPBRyaq3rb5qupnAfTpdJoQU5SKqQiX5d1s,22694.778
ZZB8MXb1DgxaYXfSGb5HkF92DatKW3fst7MHccgvs3gaFf4,22896
bUFtTzuG63wnjhgKB3xANagEXanSMjrLXSUo5xwuwYiPS7r,184227.84
XacczRsGDPyztrLaNKCviEdFEheB7QZuHDHe9RZYvhpPSY9,51321.6
ZPUUrjxz8tP6CBPsGKzc1ZdQMbEN1dbTZ93beQrLeDpYQqt,101088
XfGU44tpJ61aEikACwP5y6pHaT2NCGF38KsiF1NeMdMbePG,46944
WHVcgb7QQfj9STdmajbLRrz1RrKGKeFi52mbLYqP2KjcQCs,139680
ZrgSJUrtBRzuYyJorSrrd47DsixyJCyNxXVoFVWpYQy4f6A,82555.2
YKmoRbdmfaFxCYa5HYSMgUWfg3F55sURHQ49Jq5sW4LmaKA,345600
WZFZqnHdSCtWpYKF5N9geQ2nqcFCdpppEdfvDp3Rs7qeeDG,47332.8
aXmFD5jFfk5PdBsfxVzgfJtbxqjZqzXF2JRVs1J1CrhicPe,22778.496
WV2ZQQ4iKjfbjhuGkUkvuC91riA4YuXvmc2j67szuYv6Fum,47476.8
a5xB5NHY1XRAujpWnTrxqntoYCPc65GG8iSnrYqeuxas3to,460899.171
YFGVbm3BhFoJGxCoFxeFMxZNArzCtAbghLZUq4tCyhzQJXD,5472
ZVTFkqhT9p19RSCaMMStHRhjJ3GxcR2PUmoRKn5n4tCd4q7,5734.8
WnW66AS36v2bfEMv1hHh6MCBBJSgzDpfKJ8H2cTSZkFDjzv,583200
XjimCjPrsFbNyFs93bL3PmKD97Xwahg2yGYWxLZoJizZpHp,20574.72
XQ1ibnv8BvNLJp1C3Hwptp6miYiwAJrabxtJCmGiBNdi4jn,46944
Y3ZAMCJnxFT55jZgakyBnxBaqvxYt23WJpnLwziqbFfLjRT,135648
YB4MAU39fLfSzsUogHjWTKmzNEA4ax31WzxYRiABnYomoyF,82080
ayDPYnSDAhThfYEGpP4hGxbnvdNtsSCiiktpahxNqgEk46L,23990.4
YQRSiagvDBZoKrcUoyYwJBQteAtmi2vi7RVnSQ8YUVqKDSz,49248
X8we21EVD2jy9W4s73oTPv5knhhQPHsNe6BAp2mWiP4sfPu,80640
a4FqVmDUE4cyiAMBZFN1Acqd1PLyeAhxtgL5AA2fsikTgRy,20546.352
WFi9TuXQjrtxMWFomd4t7DUtifshCP1s89ZwfWVUFPLkuwg,66528
aQciGpfhsgnyc4YAA5SgdThKQYBAtZbJhjSp7Din76N3rN5,52342.56
VynoMvAHXccWLwEyxkMLQyPZQVJH6h8bogFm2XAuHRHhmXh,60903.36
XXPhRHSwv3LVgSt3R6vvdwBb5fc5bUerwpctqSRG1jMiUrp,26310.24
Yok6dDzqaHHfjabuv4AiAQ4sxBQezaaf8x96PC5eu4ejn8q,24413.76
afidDvimHAZ6atukeMdGT7HL4xae7kigg3gofLycLgmxZZU,7142.4
aTJuP1m13cStEy62Mp6bW4ZxdZBm3GgEgapWdBZjdirV4iU,23502.96
bCcm7Fiq5nAdvYsEhwmohyTgacxrpKvRb2VjSigtcuaBZ6p,42631.2
XQiN6PvtKXrVAzbYZRDtwSdgNqMHU2UNxCzhm4C6zn75D4T,412560
aAoJS8VsSYB6qDmegje3bFY6mDdUQ6WsDfCpYWcehcDP4Cr,440064
XAdgx1eqb7EPEfgUzTV45ZFyqfDUMqJ515Uf8qpRSKxsoSj,1800089.991
aLn5iduJD8r9vQagb6hgQ9N62rAG96jHhowpeinrgjXsGUK,54409.212
bHsa7zFKR8qowkJz3gNtj34hBuh7ZNL3qu1R8a83ZtnQLfK,23471.991
WHjCpkxuVZgtivYWKwVDoxhpHBhwdPnTqw5WazrmaKH77DB,30095.901
Zmt9nzZp3gFff3PYesE1Scwt22eZH5hanXiMCAuX2PV5DtY,12441.6
ZhJ1j5Cfe4qKgmnHQ27cn6kcQb31PPYQ3XAN2npALA6qr7U,2518.56
b2dsb43HFPvZNe6ZLnKQamfZqgns9rtEzsvCGfjRqNtc5RL,359884.8
YYP8obq1ea46a38J9NifKsZtJqsfWPdJH6wEkRWew8PevU9,29001.501
XXWcNzr3oQ9BeGcmzKG66cYNeZ2mhsDsf1TaYjetdCCRBuw,27216
XMbyCQnzBqJHnn8sfGRJYYPshaJD1aFQwAHtRXVJinaGmuK,25344
Wqzdabm6mWpuuCUzecqHHY3G8G2RocB8nFguJhQaM7YzcBK,465850.944
WtvcGRxXKhkn9LethjBLxvo43xyz9k7iNfcB1UpmE7niUm8,4521.6
a6RFGcF929SdgAZfeAu7Vu6cADwTdNW4FuMKA9WkZDzrW48,21024
WSSrsur9qhHkPKVpH2vpK2pb8uivNepezriPJgcQLNdfUnV,24710.4
YNUv15L4vFCfzYsBjgYViFYh6NDgtcZy1WJgJE5YAY8egmv,41292
XrAxqcXFzVjmoTjEYDaHxVqt5HFcTeg7v78LEa37s2zd3Li,39096
bNa3bpk5bddzLb2heZjg1jKfVyk7EzJtMURGS6sMRFh4SuU,12045.123
bfd9ssMEfiUtn76UzEjgvbSLuUxRQxoJrwQ2Z4LW8Pam51L,46944
YHTKyStb4WQDA1V52WLJTUR75eXdVfzPVGP972NnM37N3Ji,32844.6
b2hinNz7GcRYTvk2B5uSMzogh5v3ipggKE2PVMu2ytvtGyf,24062.4
ZF9hDj4jw6NEajQnmnCmo8NVt6QT3sYHUr83rZp1c279Pe7,9676.8
bMotYxdondNdN1WNy5svBZDLUdap1sJ37dpPvpXtPVxPB44,2232
amBPBqkqASYcWcRbj7171RN9SS9LmUS9ny2nBecv18hKNGb,54432
ZMUkbMrVsoUFmCKA7sWaG1sRbPn3urz4ttXcDDPa8Tgi3wK,273600
aPoCP2CZDL9tqCCiaAtp6xhsxxMkmQ7mqFjpNYE9sgwpzB5,4550.4
ZWfgSVCR77R8tBErkjbF4gw9rk8m8q98CW2mHnonrqbquu5,6480
WxwD9Nep4gkqvvTS9zpPRHwvbaR95dX5k1bNs1F4CsvxAUS,3849.12
XvEKqxHSkgRz1cf6hr8CQX5WorbKnofqDSpoje2EGKjec6s,23040
WvpDdSjsjwnURm7WEZ4xvLh8txwr9w3fwwgUmscTYneH8UU,2275200
WLwbGYyMUcERkis41kd5UY5Kxwc1QCodtr39nZoaeLnSKHW,226137.6
WYnMDiJaKUznbCVUt3GA6kXQYxaqbNsZyi6zgZuoKvohBA4,23040
ac2v7depJQ8wWu8TNfYbknVWQCMKHcLgWhhCEW1ZcNgNMJ3,97264.8
ZmWGAb3wo11711dBiznztWw9FM127aGd4Ht5mZBUEi7yosR,125573.751
XFh4skNyA4N5Yteg4pZzHyBr8E83LdfeWQ2619Yfkf1jQZs,13737.411
YFgJqXJQX2Q9r54aPNgnn19qpEuUT6dfkRx5yqTTSbitxvm,1965.6
XKBf3A8jyKmEkEbqySb28jpMcs7QW23qeKHnyixzryLPq7j,22861.44
XMVsGTxTxj4qRLvqdSvTipoQgF3mckzbPiPgowrsM4iD9hq,6825.6
WJTyEv4YzS2Drbw7FbNbBfAJ6hXUmuzDPy89soTs2g9bApz,28638.171
Y9gdgx8Wv11sUk4ZyCVRydgxSAbsjoNx2d4ABYxF4Fhqu5u,230399.991
W5y9pPYDESKnCAvcSwpUaSMUiZQzA4v32FKzUgACWaorMeW,184320
XoYBVFmx4SaCMRq3GEnfsU5xErL8ghGdKeTATzVyk5Fy6Sc,10070.919
bba9HFMNGbv2WL4LW3QfKpQ1TN1YXhMhShts89iu4CjZ9SC,46080
ZSmdbA1fYATWCBkLk659M2eqysC26jAe7iHnzPB7WqL1kW5,1080000
ZPYi1WKEUY7ZbTh3Us33RuN5crMAxxS6AxXv3Yqr9GWggDt,28512
Xnwb9DARMaBQgDuynZWowouLa2v1g3APMH6ZQZUTKcDgi8G,20246400
bVtwvFznYh9nwH5GiT5c2ZxW5m1o9orYUHepzSbdsmgaMVQ,92160
bY4KWjAaZj99F7gubsRWGoME1YJ62FCWevi9tYQYuciaHFL,11880
Yiv9bJ8J9XNYvnWagWNTf9AbsJktvpHwFua5vH2Fe3VUQeJ,22161.6
WFqKGh6GTmBEJXf5p4WF7hUBfB9YafmXC2oAXgLk9WEt5BZ,1503.351
bHERmv72MLqRdBQ3NH8dAsLynbT6eSBBzhB4ohuxqFpoDiv,22155.84
YgZCHqnuvPjYtPEnkKCAWH5ADwzk84tMQsjG8uZbu2ycY5L,1672012.8
YZtzxCG3eKbWJmidKZt5YPBtmku5wYrvcRLDqeazPy8ASFi,9576
YcT9P7Dd2DndinFVJs16zCLgbtTE3qdmZ35oU5fuSCotbeP,11879.991
ar5TgGqZoZP9FWumB71cb7r1mT9P4nggLFhQTjT3Um3eAEm,970.506
Y1fatgdkozSkJhCSTyvtiGJXKzeuLmGA6B41JL9E75F1jBD,602208
XDM1HDZERb2DTHLvmJ6Svex3CuMdYydH3LkFCG6XfTdg6M9,312448.32
a8zjp9iu3BhqKqqHTQvL7i9wbMpM2LiFtwtDYJsnmdHBxy8,24480
YDM3P2o5oYsapB4sjwW3nWSkTJ2w5UBDbfmUaZpCBSMBkg9,28079.991
YC2KSi5minKXXKrYCc7apZ9B7qJpWConLEVtx8Hf69muwkB,22608
Zpa5ywuWbieHAJwYUCpTDVmejpymv9BaDJGf4VQQk5uenCw,53222.4
aqt97NhgQACJsSwApn3yirJuL5fqRHDXm5WbuFTZgsrLmDg,8591.04
ZpAZ6HpwqsKbThiXrW38643nyrtDuG45Z5hTD6r5qHi11ad,21888
XjYS12fmqa7WkF86tVbgiCzEgimUAPZ9RdhRWiDT7QPkzhR,61386.327
ZH5o7VStLSzw62aJdcWhdmzv6AwgSvxQLCKDZQ8snZsUzYi,117504
baCXeCuRziKKGsZ7nFY65ctLwG3NXfEB5WQZQk5yvSxrbfu,1946.88
XqS1YBvmGy8pkdga4qUwK3GKJyXDx8E3VmYNkdTQQu7thJa,11448
YbLu1WfsdomEgyEm6YL6ezjgsfUxPwSiUNtqBH4FCbZum15,21024
beCwYoSDkk8faRyiU8epUZwYCzzkJppw5PMHzaq6zSEoDCf,13824
bS5J8inE8zED4NQjKAxidjsk7cXaBywtYcXoc4U2hBL5ctA,719.712
YZ9ZSwY4pP2sNkTAom4niQqQsoAcx6kpXgU5DaLm9iqEENK,42479.811
